Upper_xs,Upper_vs,Upper_ts,Upper_timestamps,Lower_xs,Lower_vs,Lower_ts,Lower_timestamps,Upper_absolute_ts,Lower_absolute_ts
0,160,0,2020-07-22 07:48:46.999,0,160,0,2020-07-22 07:48:46.999,0,0
4.4448543858922,160.019677189492,0.1,2020-07-22 07:48:47.099,4.4448543858922,160.019677189492,0.1,2020-07-22 07:48:47.099,0.1,0.1
8.88984541893365,160.019677189492,0.2,2020-07-22 07:48:47.199,8.88984541893365,160.019677189492,0.2,2020-07-22 07:48:47.199,0.2,0.2
13.3348364519751,160.019677189492,0.3,2020-07-22 07:48:47.299,13.3348364519751,160.019677189492,0.3,2020-07-22 07:48:47.299,0.3,0.3
17.7798274850166,160.019677189492,0.4,2020-07-22 07:48:47.399,17.7798274850166,160.019677189492,0.4,2020-07-22 07:48:47.399,0.4,0.4
22.224818518058,160.019677189492,0.5,2020-07-22 07:48:47.499,22.224818518058,160.019677189492,0.5,2020-07-22 07:48:47.499,0.5,0.5
26.6698095510995,160.019677189492,0.6,2020-07-22 07:48:47.599,26.6698095510995,160.019677189492,0.6,2020-07-22 07:48:47.599,0.6,0.6
31.1148005841409,160.019677189492,0.7,2020-07-22 07:48:47.699,31.1148005841409,160.019677189492,0.7,2020-07-22 07:48:47.699,0.7,0.7
35.5597916171824,160.019677189492,0.8,2020-07-22 07:48:47.799,35.5597916171824,160.019677189492,0.8,2020-07-22 07:48:47.799,0.8,0.8
40.0047826502238,160.019677189492,0.9,2020-07-22 07:48:47.899,40.0047826502238,160.019677189492,0.9,2020-07-22 07:48:47.899,0.9,0.9
44.4497736832653,160.019677189492,1,2020-07-22 07:48:47.999,44.4497736832653,160.019677189492,1,2020-07-22 07:48:47.999,1,1
48.8947647163067,160.019677189492,1.1,2020-07-22 07:48:48.099,48.8947647163067,160.019677189492,1.1,2020-07-22 07:48:48.099,1.1,1.1
53.3397557493482,160.019677189492,1.2,2020-07-22 07:48:48.199,53.3397557493482,160.019677189492,1.2,2020-07-22 07:48:48.199,1.2,1.2
57.7847467823896,160.019677189492,1.3,2020-07-22 07:48:48.299,57.7847467823896,160.019677189492,1.3,2020-07-22 07:48:48.299,1.3,1.3
62.2297378154311,160.019677189492,1.4,2020-07-22 07:48:48.399,62.2297378154311,160.019677189492,1.4,2020-07-22 07:48:48.399,1.4,1.4
66.6747288484725,160.019677189492,1.5,2020-07-22 07:48:48.499,66.6747288484725,160.019677189492,1.5,2020-07-22 07:48:48.499,1.5,1.5
71.119719881514,160.019677189492,1.6,2020-07-22 07:48:48.599,71.119719881514,160.019677189492,1.6,2020-07-22 07:48:48.599,1.6,1.6
75.5647109145554,160.019677189492,1.7,2020-07-22 07:48:48.699,75.5647109145554,160.019677189492,1.7,2020-07-22 07:48:48.699,1.7,1.7
80.0097019475969,160.019677189492,1.8,2020-07-22 07:48:48.799,80.0097019475969,160.019677189492,1.8,2020-07-22 07:48:48.799,1.8,1.8
84.4546929806383,160.019677189492,1.9,2020-07-22 07:48:48.899,84.4546929806383,160.019677189492,1.9,2020-07-22 07:48:48.899,1.9,1.9
88.8996840136798,160.019677189492,2,2020-07-22 07:48:48.999,88.8996840136798,160.019677189492,2,2020-07-22 07:48:48.999,2,2
93.3446750467212,160.019677189492,2.1,2020-07-22 07:48:49.099,93.3446750467212,160.019677189492,2.1,2020-07-22 07:48:49.099,2.1,2.1
97.7896660797627,160.019677189492,2.2,2020-07-22 07:48:49.199,97.7896660797627,160.019677189492,2.2,2020-07-22 07:48:49.199,2.2,2.2
102.234657112804,160.019677189492,2.3,2020-07-22 07:48:49.299,102.234657112804,160.019677189492,2.3,2020-07-22 07:48:49.299,2.3,2.3
106.679648145846,160.019677189492,2.4,2020-07-22 07:48:49.399,106.679648145846,160.019677189492,2.4,2020-07-22 07:48:49.399,2.4,2.4
111.124639178887,160.019677189492,2.5,2020-07-22 07:48:49.499,111.124639178887,160.019677189492,2.5,2020-07-22 07:48:49.499,2.5,2.5
115.569630211928,160.019677189492,2.6,2020-07-22 07:48:49.599,115.569630211928,160.019677189492,2.6,2020-07-22 07:48:49.599,2.6,2.6
120.01462124497,160.019677189492,2.7,2020-07-22 07:48:49.699,120.01462124497,160.019677189492,2.7,2020-07-22 07:48:49.699,2.7,2.7
124.459612278011,160.019677189492,2.8,2020-07-22 07:48:49.799,124.459612278011,160.019677189492,2.8,2020-07-22 07:48:49.799,2.8,2.8
128.904603311053,160.019677189492,2.9,2020-07-22 07:48:49.899,128.904603311053,160.019677189492,2.9,2020-07-22 07:48:49.899,2.9,2.9
133.349594344094,160.019677189492,3,2020-07-22 07:48:49.999,133.349594344094,160.019677189492,3,2020-07-22 07:48:49.999,3,3
137.794585377136,160.019677189492,3.1,2020-07-22 07:48:50.099,137.794585377136,160.019677189492,3.1,2020-07-22 07:48:50.099,3.1,3.1
142.239576410177,160.019677189492,3.2,2020-07-22 07:48:50.199,142.239576410177,160.019677189492,3.2,2020-07-22 07:48:50.199,3.2,3.2
146.684567443219,160.019677189492,3.3,2020-07-22 07:48:50.299,146.684567443219,160.019677189492,3.3,2020-07-22 07:48:50.299,3.3,3.3
151.12955847626,160.019677189492,3.4,2020-07-22 07:48:50.399,151.12955847626,160.019677189492,3.4,2020-07-22 07:48:50.399,3.4,3.4
155.574549509301,160.019677189492,3.5,2020-07-22 07:48:50.499,155.574549509301,160.019677189492,3.5,2020-07-22 07:48:50.499,3.5,3.5
160.019540542343,160.019677189492,3.6,2020-07-22 07:48:50.599,160.019540542343,160.019677189492,3.6,2020-07-22 07:48:50.599,3.6,3.6
164.464531575384,160.019677189492,3.7,2020-07-22 07:48:50.699,164.464531575384,160.019677189492,3.7,2020-07-22 07:48:50.699,3.7,3.7
168.909522608426,160.019677189492,3.8,2020-07-22 07:48:50.799,168.909522608426,160.019677189492,3.8,2020-07-22 07:48:50.799,3.8,3.8
173.354513641467,160.019677189492,3.9,2020-07-22 07:48:50.899,173.354513641467,160.019677189492,3.9,2020-07-22 07:48:50.899,3.9,3.9
177.799504674509,160.019677189492,4,2020-07-22 07:48:50.999,177.799504674509,160.019677189492,4,2020-07-22 07:48:50.999,4,4
182.24449570755,160.019677189492,4.1,2020-07-22 07:48:51.099,182.24449570755,160.019677189492,4.1,2020-07-22 07:48:51.099,4.1,4.1
186.689486740592,160.019677189492,4.2,2020-07-22 07:48:51.199,186.689486740592,160.019677189492,4.2,2020-07-22 07:48:51.199,4.2,4.2
191.134477773633,160.019677189492,4.3,2020-07-22 07:48:51.299,191.134477773633,160.019677189492,4.3,2020-07-22 07:48:51.299,4.3,4.3
195.579468806674,160.019677189492,4.4,2020-07-22 07:48:51.399,195.579468806674,160.019677189492,4.4,2020-07-22 07:48:51.399,4.4,4.4
200.024459839716,160.019677189492,4.5,2020-07-22 07:48:51.499,200.024459839716,160.019677189492,4.5,2020-07-22 07:48:51.499,4.5,4.5
204.469450872757,160.019677189492,4.6,2020-07-22 07:48:51.599,204.469450872757,160.019677189492,4.6,2020-07-22 07:48:51.599,4.6,4.6
208.914441905799,160.019677189492,4.7,2020-07-22 07:48:51.699,208.914441905799,160.019677189492,4.7,2020-07-22 07:48:51.699,4.7,4.7
213.35943293884,160.019677189492,4.8,2020-07-22 07:48:51.799,213.35943293884,160.019677189492,4.8,2020-07-22 07:48:51.799,4.8,4.8
217.804423971882,160.019677189492,4.9,2020-07-22 07:48:51.899,217.804423971882,160.019677189492,4.9,2020-07-22 07:48:51.899,4.9,4.9
222.249415004923,160.019677189492,5,2020-07-22 07:48:51.999,222.249415004923,160.019677189492,5,2020-07-22 07:48:51.999,5,5
226.694406037965,160.019677189492,5.1,2020-07-22 07:48:52.099,226.694406037965,160.019677189492,5.1,2020-07-22 07:48:52.099,5.1,5.1
231.139397071006,160.019677189492,5.2,2020-07-22 07:48:52.199,231.139397071006,160.019677189492,5.2,2020-07-22 07:48:52.199,5.2,5.2
235.584388104048,160.019677189492,5.3,2020-07-22 07:48:52.299,235.584388104048,160.019677189492,5.3,2020-07-22 07:48:52.299,5.3,5.3
240.029379137089,160.019677189492,5.4,2020-07-22 07:48:52.399,240.029379137089,160.019677189492,5.4,2020-07-22 07:48:52.399,5.4,5.4
244.47437017013,160.019677189492,5.5,2020-07-22 07:48:52.499,244.47437017013,160.019677189492,5.5,2020-07-22 07:48:52.499,5.5,5.5
248.919361203172,160.019677189492,5.6,2020-07-22 07:48:52.599,248.919361203172,160.019677189492,5.6,2020-07-22 07:48:52.599,5.6,5.6
253.364352236213,160.019677189492,5.7,2020-07-22 07:48:52.699,253.364352236213,160.019677189492,5.7,2020-07-22 07:48:52.699,5.7,5.7
257.809343269255,160.019677189492,5.8,2020-07-22 07:48:52.799,257.809343269255,160.019677189492,5.8,2020-07-22 07:48:52.799,5.8,5.8
262.254334302296,160.019677189492,5.9,2020-07-22 07:48:52.899,262.254334302296,160.019677189492,5.9,2020-07-22 07:48:52.899,5.9,5.9
266.699325335338,160.019677189492,6,2020-07-22 07:48:52.999,266.699325335338,160.019677189492,6,2020-07-22 07:48:52.999,6,6
271.144316368379,160.019677189492,6.1,2020-07-22 07:48:53.099,271.144316368379,160.019677189492,6.1,2020-07-22 07:48:53.099,6.1,6.1
275.589307401421,160.019677189492,6.2,2020-07-22 07:48:53.199,275.589307401421,160.019677189492,6.2,2020-07-22 07:48:53.199,6.2,6.2
280.034298434462,160.019677189492,6.3,2020-07-22 07:48:53.299,280.034298434462,160.019677189492,6.3,2020-07-22 07:48:53.299,6.3,6.3
284.479289467503,160.019677189492,6.4,2020-07-22 07:48:53.399,284.479289467503,160.019677189492,6.4,2020-07-22 07:48:53.399,6.4,6.4
288.924280500545,160.019677189492,6.5,2020-07-22 07:48:53.499,288.924280500545,160.019677189492,6.5,2020-07-22 07:48:53.499,6.5,6.5
293.369271533586,160.019677189492,6.6,2020-07-22 07:48:53.599,293.369271533586,160.019677189492,6.6,2020-07-22 07:48:53.599,6.6,6.6
297.814262566628,160.019677189492,6.7,2020-07-22 07:48:53.699,297.814262566628,160.019677189492,6.7,2020-07-22 07:48:53.699,6.7,6.7
302.259253599669,160.019677189492,6.8,2020-07-22 07:48:53.799,302.259253599669,160.019677189492,6.8,2020-07-22 07:48:53.799,6.8,6.8
306.704244632711,160.019677189492,6.9,2020-07-22 07:48:53.899,306.704244632711,160.019677189492,6.9,2020-07-22 07:48:53.899,6.9,6.9
311.149235665752,160.019677189492,7,2020-07-22 07:48:53.999,311.149235665752,160.019677189492,7,2020-07-22 07:48:53.999,7,7
315.594226698794,160.019677189492,7.1,2020-07-22 07:48:54.099,315.594226698794,160.019677189492,7.1,2020-07-22 07:48:54.099,7.1,7.1
320.039217731835,160.019677189492,7.2,2020-07-22 07:48:54.199,320.039217731835,160.019677189492,7.2,2020-07-22 07:48:54.199,7.2,7.2
324.484208764876,160.019677189492,7.3,2020-07-22 07:48:54.299,324.484208764876,160.019677189492,7.3,2020-07-22 07:48:54.299,7.3,7.3
328.929199797918,160.019677189492,7.4,2020-07-22 07:48:54.399,328.929199797918,160.019677189492,7.4,2020-07-22 07:48:54.399,7.4,7.4
333.374190830959,160.019677189492,7.5,2020-07-22 07:48:54.499,333.374190830959,160.019677189492,7.5,2020-07-22 07:48:54.499,7.5,7.5
337.819181864001,160.019677189492,7.6,2020-07-22 07:48:54.599,337.819181864001,160.019677189492,7.6,2020-07-22 07:48:54.599,7.6,7.6
342.264172897042,160.019677189492,7.7,2020-07-22 07:48:54.699,342.264172897042,160.019677189492,7.7,2020-07-22 07:48:54.699,7.7,7.7
346.709163930084,160.019677189492,7.8,2020-07-22 07:48:54.799,346.709163930084,160.019677189492,7.8,2020-07-22 07:48:54.799,7.8,7.8
351.154154963125,160.019677189492,7.9,2020-07-22 07:48:54.899,351.154154963125,160.019677189492,7.9,2020-07-22 07:48:54.899,7.9,7.9
355.599145996167,160.019677189492,8,2020-07-22 07:48:54.999,355.599145996167,160.019677189492,8,2020-07-22 07:48:54.999,8,8
360.044137029208,160.019677189492,8.1,2020-07-22 07:48:55.099,360.044137029208,160.019677189492,8.1,2020-07-22 07:48:55.099,8.1,8.1
364.48912806225,160.019677189492,8.2,2020-07-22 07:48:55.199,364.48912806225,160.019677189492,8.2,2020-07-22 07:48:55.199,8.2,8.2
368.934119095291,160.019677189492,8.3,2020-07-22 07:48:55.299,368.934119095291,160.019677189492,8.3,2020-07-22 07:48:55.299,8.3,8.3
373.379110128332,160.019677189492,8.4,2020-07-22 07:48:55.399,373.379110128332,160.019677189492,8.4,2020-07-22 07:48:55.399,8.4,8.4
377.824101161374,160.019677189492,8.5,2020-07-22 07:48:55.499,377.824101161374,160.019677189492,8.5,2020-07-22 07:48:55.499,8.5,8.5
382.269092194415,160.019677189492,8.6,2020-07-22 07:48:55.599,382.269092194415,160.019677189492,8.6,2020-07-22 07:48:55.599,8.6,8.6
386.714083227457,160.019677189492,8.7,2020-07-22 07:48:55.699,386.714083227457,160.019677189492,8.7,2020-07-22 07:48:55.699,8.7,8.7
391.159074260498,160.019677189492,8.8,2020-07-22 07:48:55.799,391.159074260498,160.019677189492,8.8,2020-07-22 07:48:55.799,8.8,8.8
395.60406529354,160.019677189492,8.9,2020-07-22 07:48:55.899,395.60406529354,160.019677189492,8.9,2020-07-22 07:48:55.899,8.9,8.9
400.049056326581,160.019677189492,9,2020-07-22 07:48:55.999,400.049056326581,160.019677189492,9,2020-07-22 07:48:55.999,9,9
404.494047359623,160.019677189492,9.1,2020-07-22 07:48:56.099,404.494047359623,160.019677189492,9.1,2020-07-22 07:48:56.099,9.1,9.1
408.939038392664,160.019677189492,9.2,2020-07-22 07:48:56.199,408.939038392664,160.019677189492,9.2,2020-07-22 07:48:56.199,9.2,9.2
413.384029425705,160.019677189492,9.3,2020-07-22 07:48:56.299,413.384029425705,160.019677189492,9.3,2020-07-22 07:48:56.299,9.3,9.3
417.829020458747,160.019677189492,9.4,2020-07-22 07:48:56.399,417.829020458747,160.019677189492,9.4,2020-07-22 07:48:56.399,9.4,9.4
422.274011491788,160.019677189492,9.5,2020-07-22 07:48:56.499,422.274011491788,160.019677189492,9.5,2020-07-22 07:48:56.499,9.5,9.5
426.71900252483,160.019677189492,9.6,2020-07-22 07:48:56.599,426.71900252483,160.019677189492,9.6,2020-07-22 07:48:56.599,9.6,9.6
431.163993557871,160.019677189492,9.7,2020-07-22 07:48:56.699,431.163993557871,160.019677189492,9.7,2020-07-22 07:48:56.699,9.7,9.7
435.608984590913,160.019677189492,9.8,2020-07-22 07:48:56.799,435.608984590913,160.019677189492,9.8,2020-07-22 07:48:56.799,9.8,9.8
440.053975623954,160.019677189492,9.9,2020-07-22 07:48:56.899,440.053975623954,160.019677189492,9.9,2020-07-22 07:48:56.899,9.9,9.9
444.498966656996,160.019677189492,10,2020-07-22 07:48:56.999,444.498966656996,160.019677189492,10,2020-07-22 07:48:56.999,10,10
448.943957690037,160.019677189492,10.1,2020-07-22 07:48:57.099,448.943957690037,160.019677189492,10.1,2020-07-22 07:48:57.099,10.1,10.1
453.388948723078,160.019677189492,10.2,2020-07-22 07:48:57.199,453.388948723078,160.019677189492,10.2,2020-07-22 07:48:57.199,10.2,10.2
457.83393975612,160.019677189492,10.3,2020-07-22 07:48:57.299,457.83393975612,160.019677189492,10.3,2020-07-22 07:48:57.299,10.3,10.3
462.278930789161,160.019677189492,10.4,2020-07-22 07:48:57.399,462.278930789161,160.019677189492,10.4,2020-07-22 07:48:57.399,10.4,10.4
466.723921822203,160.019677189492,10.5,2020-07-22 07:48:57.499,466.723921822203,160.019677189492,10.5,2020-07-22 07:48:57.499,10.5,10.5
471.168912855244,160.019677189492,10.6,2020-07-22 07:48:57.599,471.168912855244,160.019677189492,10.6,2020-07-22 07:48:57.599,10.6,10.6
475.613903888286,160.019677189492,10.7,2020-07-22 07:48:57.699,475.613903888286,160.019677189492,10.7,2020-07-22 07:48:57.699,10.7,10.7
480.058894921327,160.019677189492,10.8,2020-07-22 07:48:57.799,480.058894921327,160.019677189492,10.8,2020-07-22 07:48:57.799,10.8,10.8
484.503885954369,160.019677189492,10.9,2020-07-22 07:48:57.899,484.503885954369,160.019677189492,10.9,2020-07-22 07:48:57.899,10.9,10.9
488.94887698741,160.019677189492,11,2020-07-22 07:48:57.999,488.94887698741,160.019677189492,11,2020-07-22 07:48:57.999,11,11
493.393868020451,160.019677189492,11.1,2020-07-22 07:48:58.099,493.393868020451,160.019677189492,11.1,2020-07-22 07:48:58.099,11.1,11.1
497.838859053493,160.019677189492,11.2,2020-07-22 07:48:58.199,497.838859053493,160.019677189492,11.2,2020-07-22 07:48:58.199,11.2,11.2
502.283850086534,160.019677189492,11.3,2020-07-22 07:48:58.299,502.283850086534,160.019677189492,11.3,2020-07-22 07:48:58.299,11.3,11.3
506.728841119576,160.019677189492,11.4,2020-07-22 07:48:58.399,506.728841119576,160.019677189492,11.4,2020-07-22 07:48:58.399,11.4,11.4
511.173832152617,160.019677189492,11.5,2020-07-22 07:48:58.499,511.173832152617,160.019677189492,11.5,2020-07-22 07:48:58.499,11.5,11.5
515.618823185659,160.019677189492,11.6,2020-07-22 07:48:58.599,515.618823185659,160.019677189492,11.6,2020-07-22 07:48:58.599,11.6,11.6
520.0638142187,160.019677189492,11.7,2020-07-22 07:48:58.699,520.0638142187,160.019677189492,11.7,2020-07-22 07:48:58.699,11.7,11.7
524.508805251742,160.019677189492,11.8,2020-07-22 07:48:58.799,524.508805251742,160.019677189492,11.8,2020-07-22 07:48:58.799,11.8,11.8
528.953796284783,160.019677189492,11.9,2020-07-22 07:48:58.899,528.953796284783,160.019677189492,11.9,2020-07-22 07:48:58.899,11.9,11.9
533.398787317824,160.019677189492,12,2020-07-22 07:48:58.999,533.398787317824,160.019677189492,12,2020-07-22 07:48:58.999,12,12
537.843778350866,160.019677189492,12.1,2020-07-22 07:48:59.099,537.843778350866,160.019677189492,12.1,2020-07-22 07:48:59.099,12.1,12.1
542.288769383907,160.019677189492,12.2,2020-07-22 07:48:59.199,542.288769383907,160.019677189492,12.2,2020-07-22 07:48:59.199,12.2,12.2
546.733760416949,160.019677189492,12.3,2020-07-22 07:48:59.299,546.733760416949,160.019677189492,12.3,2020-07-22 07:48:59.299,12.3,12.3
551.17875144999,160.019677189492,12.4,2020-07-22 07:48:59.399,551.17875144999,160.019677189492,12.4,2020-07-22 07:48:59.399,12.4,12.4
555.623742483032,160.019677189492,12.5,2020-07-22 07:48:59.499,555.623742483032,160.019677189492,12.5,2020-07-22 07:48:59.499,12.5,12.5
560.068733516073,160.019677189492,12.6,2020-07-22 07:48:59.599,560.068733516073,160.019677189492,12.6,2020-07-22 07:48:59.599,12.6,12.6
564.513724549115,160.019677189492,12.7,2020-07-22 07:48:59.699,564.513724549115,160.019677189492,12.7,2020-07-22 07:48:59.699,12.7,12.7
568.958715582156,160.019677189492,12.8,2020-07-22 07:48:59.799,568.958715582156,160.019677189492,12.8,2020-07-22 07:48:59.799,12.8,12.8
573.403706615198,160.019677189492,12.9,2020-07-22 07:48:59.899,573.403706615198,160.019677189492,12.9,2020-07-22 07:48:59.899,12.9,12.9
577.848697648239,160.019677189492,13,2020-07-22 07:48:59.999,577.848697648239,160.019677189492,13,2020-07-22 07:48:59.999,13,13
582.29368868128,160.019677189492,13.1,2020-07-22 07:49:00.099,582.29368868128,160.019677189492,13.1,2020-07-22 07:49:00.099,13.1,13.1
586.738679714322,160.019677189492,13.2,2020-07-22 07:49:00.199,586.738679714322,160.019677189492,13.2,2020-07-22 07:49:00.199,13.2,13.2
591.183670747363,160.019677189492,13.3,2020-07-22 07:49:00.299,591.183670747363,160.019677189492,13.3,2020-07-22 07:49:00.299,13.3,13.3
595.628661780405,160.019677189492,13.4,2020-07-22 07:49:00.399,595.628661780405,160.019677189492,13.4,2020-07-22 07:49:00.399,13.4,13.4
600.073652813446,160.019677189492,13.5,2020-07-22 07:49:00.499,600.073652813446,160.019677189492,13.5,2020-07-22 07:49:00.499,13.5,13.5
604.518643846488,160.019677189492,13.6,2020-07-22 07:49:00.599,604.518643846488,160.019677189492,13.6,2020-07-22 07:49:00.599,13.6,13.6
608.963634879529,160.019677189492,13.7,2020-07-22 07:49:00.699,608.963634879529,160.019677189492,13.7,2020-07-22 07:49:00.699,13.7,13.7
613.408625912571,160.019677189492,13.8,2020-07-22 07:49:00.799,613.408625912571,160.019677189492,13.8,2020-07-22 07:49:00.799,13.8,13.8
617.853616945612,160.019677189492,13.9,2020-07-22 07:49:00.899,617.853616945612,160.019677189492,13.9,2020-07-22 07:49:00.899,13.9,13.9
622.298607978653,160.019677189492,14,2020-07-22 07:49:00.999,622.298607978653,160.019677189492,14,2020-07-22 07:49:00.999,14,14
626.743599011695,160.019677189492,14.1,2020-07-22 07:49:01.099,626.743599011695,160.019677189492,14.1,2020-07-22 07:49:01.099,14.1,14.1
631.188590044736,160.019677189492,14.2,2020-07-22 07:49:01.199,631.188590044736,160.019677189492,14.2,2020-07-22 07:49:01.199,14.2,14.2
635.633581077778,160.019677189492,14.3,2020-07-22 07:49:01.299,635.633581077778,160.019677189492,14.3,2020-07-22 07:49:01.299,14.3,14.3
640.078572110819,160.019677189492,14.4,2020-07-22 07:49:01.399,640.078572110819,160.019677189492,14.4,2020-07-22 07:49:01.399,14.4,14.4
644.523563143861,160.019677189492,14.5,2020-07-22 07:49:01.499,644.523563143861,160.019677189492,14.5,2020-07-22 07:49:01.499,14.5,14.5
648.968554176902,160.019677189492,14.6,2020-07-22 07:49:01.599,648.968554176902,160.019677189492,14.6,2020-07-22 07:49:01.599,14.6,14.6
653.413545209944,160.019677189492,14.7,2020-07-22 07:49:01.699,653.413545209944,160.019677189492,14.7,2020-07-22 07:49:01.699,14.7,14.7
657.858536242985,160.019677189492,14.8,2020-07-22 07:49:01.799,657.858536242985,160.019677189492,14.8,2020-07-22 07:49:01.799,14.8,14.8
662.303527276026,160.019677189492,14.9,2020-07-22 07:49:01.899,662.303527276026,160.019677189492,14.9,2020-07-22 07:49:01.899,14.9,14.9
666.748518309068,160.019677189492,15,2020-07-22 07:49:01.999,666.748518309068,160.019677189492,15,2020-07-22 07:49:01.999,15,15
671.193509342109,160.019677189492,15.1,2020-07-22 07:49:02.099,671.193509342109,160.019677189492,15.1,2020-07-22 07:49:02.099,15.1,15.1
675.638500375151,160.019677189492,15.2,2020-07-22 07:49:02.199,675.638500375151,160.019677189492,15.2,2020-07-22 07:49:02.199,15.2,15.2
680.083491408192,160.019677189492,15.3,2020-07-22 07:49:02.299,680.083491408192,160.019677189492,15.3,2020-07-22 07:49:02.299,15.3,15.3
684.528482441234,160.019677189492,15.4,2020-07-22 07:49:02.399,684.528482441234,160.019677189492,15.4,2020-07-22 07:49:02.399,15.4,15.4
688.973473474275,160.019677189492,15.5,2020-07-22 07:49:02.499,688.973473474275,160.019677189492,15.5,2020-07-22 07:49:02.499,15.5,15.5
693.418464507317,160.019677189492,15.6,2020-07-22 07:49:02.599,693.418464507317,160.019677189492,15.6,2020-07-22 07:49:02.599,15.6,15.6
697.863455540358,160.019677189492,15.7,2020-07-22 07:49:02.699,697.863455540358,160.019677189492,15.7,2020-07-22 07:49:02.699,15.7,15.7
702.308446573399,160.019677189492,15.8,2020-07-22 07:49:02.799,702.308446573399,160.019677189492,15.8,2020-07-22 07:49:02.799,15.8,15.8
706.753437606441,160.019677189492,15.9,2020-07-22 07:49:02.899,706.753437606441,160.019677189492,15.9,2020-07-22 07:49:02.899,15.9,15.9
711.198428639482,160.019677189492,16,2020-07-22 07:49:02.999,711.198428639482,160.019677189492,16,2020-07-22 07:49:02.999,16,16
715.643419672524,160.019677189492,16.1,2020-07-22 07:49:03.099,715.643419672524,160.019677189492,16.1,2020-07-22 07:49:03.099,16.1,16.1
720.088410705565,160.019677189492,16.2,2020-07-22 07:49:03.199,720.088410705565,160.019677189492,16.2,2020-07-22 07:49:03.199,16.2,16.2
724.533401738607,160.019677189492,16.3,2020-07-22 07:49:03.299,724.533401738607,160.019677189492,16.3,2020-07-22 07:49:03.299,16.3,16.3
728.978392771648,160.019677189492,16.4,2020-07-22 07:49:03.399,728.978392771648,160.019677189492,16.4,2020-07-22 07:49:03.399,16.4,16.4
733.42338380469,160.019677189492,16.5,2020-07-22 07:49:03.499,733.42338380469,160.019677189492,16.5,2020-07-22 07:49:03.499,16.5,16.5
737.868374837731,160.019677189492,16.6,2020-07-22 07:49:03.599,737.868374837731,160.019677189492,16.6,2020-07-22 07:49:03.599,16.6,16.6
742.313365870772,160.019677189492,16.7,2020-07-22 07:49:03.699,742.313365870772,160.019677189492,16.7,2020-07-22 07:49:03.699,16.7,16.7
746.758356903814,160.019677189492,16.8,2020-07-22 07:49:03.799,746.758356903814,160.019677189492,16.8,2020-07-22 07:49:03.799,16.8,16.8
751.203347936855,160.019677189492,16.9,2020-07-22 07:49:03.899,751.203347936855,160.019677189492,16.9,2020-07-22 07:49:03.899,16.9,16.9
755.648338969897,160.019677189492,17,2020-07-22 07:49:03.999,755.648338969897,160.019677189492,17,2020-07-22 07:49:03.999,17,17
760.093330002938,160.019677189492,17.1,2020-07-22 07:49:04.099,760.093330002938,160.019677189492,17.1,2020-07-22 07:49:04.099,17.1,17.1
764.53832103598,160.019677189492,17.2,2020-07-22 07:49:04.199,764.53832103598,160.019677189492,17.2,2020-07-22 07:49:04.199,17.2,17.2
768.983312069021,160.019677189492,17.3,2020-07-22 07:49:04.299,768.983312069021,160.019677189492,17.3,2020-07-22 07:49:04.299,17.3,17.3
773.428303102063,160.019677189492,17.4,2020-07-22 07:49:04.399,773.428303102063,160.019677189492,17.4,2020-07-22 07:49:04.399,17.4,17.4
777.873294135104,160.019677189492,17.5,2020-07-22 07:49:04.499,777.873294135104,160.019677189492,17.5,2020-07-22 07:49:04.499,17.5,17.5
782.318285168146,160.019677189492,17.6,2020-07-22 07:49:04.599,782.318285168146,160.019677189492,17.6,2020-07-22 07:49:04.599,17.6,17.6
786.763276201187,160.019677189492,17.7,2020-07-22 07:49:04.699,786.763276201187,160.019677189492,17.7,2020-07-22 07:49:04.699,17.7,17.7
791.208267234228,160.019677189492,17.8,2020-07-22 07:49:04.799,791.208267234228,160.019677189492,17.8,2020-07-22 07:49:04.799,17.8,17.8
795.65325826727,160.019677189492,17.9,2020-07-22 07:49:04.899,795.65325826727,160.019677189492,17.9,2020-07-22 07:49:04.899,17.9,17.9
800.098249300311,160.019677189492,18,2020-07-22 07:49:04.999,800.098249300311,160.019677189492,18,2020-07-22 07:49:04.999,18,18
804.543240333353,160.019677189492,18.1,2020-07-22 07:49:05.099,804.543240333353,160.019677189492,18.1,2020-07-22 07:49:05.099,18.1,18.1
808.988231366394,160.019677189492,18.2,2020-07-22 07:49:05.199,808.988231366394,160.019677189492,18.2,2020-07-22 07:49:05.199,18.2,18.2
813.433222399436,160.019677189492,18.3,2020-07-22 07:49:05.299,813.433222399436,160.019677189492,18.3,2020-07-22 07:49:05.299,18.3,18.3
817.878213432477,160.019677189492,18.4,2020-07-22 07:49:05.399,817.878213432477,160.019677189492,18.4,2020-07-22 07:49:05.399,18.4,18.4
822.323204465519,160.019677189492,18.5,2020-07-22 07:49:05.499,822.323204465519,160.019677189492,18.5,2020-07-22 07:49:05.499,18.5,18.5
826.76819549856,160.019677189492,18.6,2020-07-22 07:49:05.599,826.76819549856,160.019677189492,18.6,2020-07-22 07:49:05.599,18.6,18.6
831.213186531601,160.019677189492,18.7,2020-07-22 07:49:05.699,831.213186531601,160.019677189492,18.7,2020-07-22 07:49:05.699,18.7,18.7
835.658177564643,160.019677189492,18.8,2020-07-22 07:49:05.799,835.658177564643,160.019677189492,18.8,2020-07-22 07:49:05.799,18.8,18.8
840.103168597684,160.019677189492,18.9,2020-07-22 07:49:05.899,840.103168597684,160.019677189492,18.9,2020-07-22 07:49:05.899,18.9,18.9
844.548159630726,160.019677189492,19,2020-07-22 07:49:05.999,844.548159630726,160.019677189492,19,2020-07-22 07:49:05.999,19,19
848.993150663767,160.019677189492,19.1,2020-07-22 07:49:06.099,848.993150663767,160.019677189492,19.1,2020-07-22 07:49:06.099,19.1,19.1
853.438141696809,160.019677189492,19.2,2020-07-22 07:49:06.199,853.438141696809,160.019677189492,19.2,2020-07-22 07:49:06.199,19.2,19.2
857.88313272985,160.019677189492,19.3,2020-07-22 07:49:06.299,857.88313272985,160.019677189492,19.3,2020-07-22 07:49:06.299,19.3,19.3
862.328123762892,160.019677189492,19.4,2020-07-22 07:49:06.399,862.328123762892,160.019677189492,19.4,2020-07-22 07:49:06.399,19.4,19.4
866.773114795933,160.019677189492,19.5,2020-07-22 07:49:06.499,866.773114795933,160.019677189492,19.5,2020-07-22 07:49:06.499,19.5,19.5
871.218105828974,160.019677189492,19.6,2020-07-22 07:49:06.599,871.218105828974,160.019677189492,19.6,2020-07-22 07:49:06.599,19.6,19.6
875.663096862016,160.019677189492,19.7,2020-07-22 07:49:06.699,875.663096862016,160.019677189492,19.7,2020-07-22 07:49:06.699,19.7,19.7
880.108087895057,160.019677189492,19.8,2020-07-22 07:49:06.799,880.108087895057,160.019677189492,19.8,2020-07-22 07:49:06.799,19.8,19.8
884.553078928099,160.019677189492,19.9,2020-07-22 07:49:06.899,884.553078928099,160.019677189492,19.9,2020-07-22 07:49:06.899,19.9,19.9
888.99806996114,160.019677189492,20,2020-07-22 07:49:06.999,888.99806996114,160.019677189492,20,2020-07-22 07:49:06.999,20,20
893.443060994182,160.019677189492,20.1,2020-07-22 07:49:07.099,893.443060994182,160.019677189492,20.1,2020-07-22 07:49:07.099,20.1,20.1
897.888052027223,160.019677189492,20.2,2020-07-22 07:49:07.199,897.888052027223,160.019677189492,20.2,2020-07-22 07:49:07.199,20.2,20.2
902.333043060265,160.019677189492,20.3,2020-07-22 07:49:07.299,902.333043060265,160.019677189492,20.3,2020-07-22 07:49:07.299,20.3,20.3
906.778034093306,160.019677189492,20.4,2020-07-22 07:49:07.399,906.778034093306,160.019677189492,20.4,2020-07-22 07:49:07.399,20.4,20.4
911.223025126347,160.019677189492,20.5,2020-07-22 07:49:07.499,911.223025126347,160.019677189492,20.5,2020-07-22 07:49:07.499,20.5,20.5
915.668016159389,160.019677189492,20.6,2020-07-22 07:49:07.599,915.668016159389,160.019677189492,20.6,2020-07-22 07:49:07.599,20.6,20.6
920.11300719243,160.019677189492,20.7,2020-07-22 07:49:07.699,920.11300719243,160.019677189492,20.7,2020-07-22 07:49:07.699,20.7,20.7
924.557998225472,160.019677189492,20.8,2020-07-22 07:49:07.799,924.557998225472,160.019677189492,20.8,2020-07-22 07:49:07.799,20.8,20.8
929.002989258513,160.019677189492,20.9,2020-07-22 07:49:07.899,929.002989258513,160.019677189492,20.9,2020-07-22 07:49:07.899,20.9,20.9
933.447980291555,160.019677189492,21,2020-07-22 07:49:07.999,933.447980291555,160.019677189492,21,2020-07-22 07:49:07.999,21,21
937.892971324596,160.019677189492,21.1,2020-07-22 07:49:08.099,937.892971324596,160.019677189492,21.1,2020-07-22 07:49:08.099,21.1,21.1
942.337962357638,160.019677189492,21.2,2020-07-22 07:49:08.199,942.337962357638,160.019677189492,21.2,2020-07-22 07:49:08.199,21.2,21.2
946.782953390679,160.019677189492,21.3,2020-07-22 07:49:08.299,946.782953390679,160.019677189492,21.3,2020-07-22 07:49:08.299,21.3,21.3
951.22794442372,160.019677189492,21.4,2020-07-22 07:49:08.399,951.22794442372,160.019677189492,21.4,2020-07-22 07:49:08.399,21.4,21.4
955.672935456762,160.019677189492,21.5,2020-07-22 07:49:08.499,955.672935456762,160.019677189492,21.5,2020-07-22 07:49:08.499,21.5,21.5
960.117926489803,160.019677189492,21.6,2020-07-22 07:49:08.599,960.117926489803,160.019677189492,21.6,2020-07-22 07:49:08.599,21.6,21.6
964.562917522845,160.019677189492,21.7,2020-07-22 07:49:08.699,964.562917522845,160.019677189492,21.7,2020-07-22 07:49:08.699,21.7,21.7
969.007908555886,160.019677189492,21.8,2020-07-22 07:49:08.799,969.007908555886,160.019677189492,21.8,2020-07-22 07:49:08.799,21.8,21.8
973.452899588928,160.019677189492,21.9,2020-07-22 07:49:08.899,973.452899588928,160.019677189492,21.9,2020-07-22 07:49:08.899,21.9,21.9
977.897890621969,160.019677189492,22,2020-07-22 07:49:08.999,977.897890621969,160.019677189492,22,2020-07-22 07:49:08.999,22,22
982.342881655011,160.019677189492,22.1,2020-07-22 07:49:09.099,982.342881655011,160.019677189492,22.1,2020-07-22 07:49:09.099,22.1,22.1
986.787872688052,160.019677189492,22.2,2020-07-22 07:49:09.199,986.787872688052,160.019677189492,22.2,2020-07-22 07:49:09.199,22.2,22.2
991.232863721094,160.019677189492,22.3,2020-07-22 07:49:09.299,991.232863721094,160.019677189492,22.3,2020-07-22 07:49:09.299,22.3,22.3
995.677854754135,160.019677189492,22.4,2020-07-22 07:49:09.399,995.677854754135,160.019677189492,22.4,2020-07-22 07:49:09.399,22.4,22.4
1000.12284578718,160.019677189492,22.5,2020-07-22 07:49:09.499,1000.12284578718,160.019677189492,22.5,2020-07-22 07:49:09.499,22.5,22.5
1004.56783682022,160.019677189492,22.6,2020-07-22 07:49:09.599,1004.56783682022,160.019677189492,22.6,2020-07-22 07:49:09.599,22.6,22.6
1009.01282785326,160.019677189492,22.7,2020-07-22 07:49:09.699,1009.01282785326,160.019677189492,22.7,2020-07-22 07:49:09.699,22.7,22.7
1013.4578188863,160.019677189492,22.8,2020-07-22 07:49:09.799,1013.4578188863,160.019677189492,22.8,2020-07-22 07:49:09.799,22.8,22.8
1017.90280991934,160.019677189492,22.9,2020-07-22 07:49:09.899,1017.90280991934,160.019677189492,22.9,2020-07-22 07:49:09.899,22.9,22.9
1022.34780095238,160.019677189492,23,2020-07-22 07:49:09.999,1022.34780095238,160.019677189492,23,2020-07-22 07:49:09.999,23,23
1026.79279198543,160.019677189492,23.1,2020-07-22 07:49:10.099,1026.79279198543,160.019677189492,23.1,2020-07-22 07:49:10.099,23.1,23.1
1031.23778301847,160.019677189492,23.2,2020-07-22 07:49:10.199,1031.23778301847,160.019677189492,23.2,2020-07-22 07:49:10.199,23.2,23.2
1035.68277405151,160.019677189492,23.3,2020-07-22 07:49:10.299,1035.68277405151,160.019677189492,23.3,2020-07-22 07:49:10.299,23.3,23.3
1040.12776508455,160.019677189492,23.4,2020-07-22 07:49:10.399,1040.12776508455,160.019677189492,23.4,2020-07-22 07:49:10.399,23.4,23.4
1044.57275611759,160.019677189492,23.5,2020-07-22 07:49:10.499,1044.57275611759,160.019677189492,23.5,2020-07-22 07:49:10.499,23.5,23.5
1049.01774715063,160.019677189492,23.6,2020-07-22 07:49:10.599,1049.01774715063,160.019677189492,23.6,2020-07-22 07:49:10.599,23.6,23.6
1053.46273818367,160.019677189492,23.7,2020-07-22 07:49:10.699,1053.46273818367,160.019677189492,23.7,2020-07-22 07:49:10.699,23.7,23.7
1057.90772921672,160.019677189492,23.8,2020-07-22 07:49:10.799,1057.90772921672,160.019677189492,23.8,2020-07-22 07:49:10.799,23.8,23.8
1062.35272024976,160.019677189492,23.9,2020-07-22 07:49:10.899,1062.35272024976,160.019677189492,23.9,2020-07-22 07:49:10.899,23.9,23.9
1066.7977112828,160.019677189492,24,2020-07-22 07:49:10.999,1066.7977112828,160.019677189492,24,2020-07-22 07:49:10.999,24,24
1071.24270231584,160.019677189492,24.1,2020-07-22 07:49:11.099,1071.24270231584,160.019677189492,24.1,2020-07-22 07:49:11.099,24.1,24.1
1075.68769334888,160.019677189492,24.2,2020-07-22 07:49:11.199,1075.68769334888,160.019677189492,24.2,2020-07-22 07:49:11.199,24.2,24.2
1080.13268438192,160.019677189492,24.3,2020-07-22 07:49:11.299,1080.13268438192,160.019677189492,24.3,2020-07-22 07:49:11.299,24.3,24.3
1084.57767541497,160.019677189492,24.4,2020-07-22 07:49:11.399,1084.57767541497,160.019677189492,24.4,2020-07-22 07:49:11.399,24.4,24.4
1089.02266644801,160.019677189492,24.5,2020-07-22 07:49:11.499,1089.02266644801,160.019677189492,24.5,2020-07-22 07:49:11.499,24.5,24.5
1093.46765748105,160.019677189492,24.6,2020-07-22 07:49:11.599,1093.46765748105,160.019677189492,24.6,2020-07-22 07:49:11.599,24.6,24.6
1097.91264851409,160.019677189492,24.7,2020-07-22 07:49:11.699,1097.91264851409,160.019677189492,24.7,2020-07-22 07:49:11.699,24.7,24.7
1102.35763954713,160.019677189492,24.8,2020-07-22 07:49:11.799,1102.35763954713,160.019677189492,24.8,2020-07-22 07:49:11.799,24.8,24.8
1106.80263058017,160.019677189492,24.9,2020-07-22 07:49:11.899,1106.80263058017,160.019677189492,24.9,2020-07-22 07:49:11.899,24.9,24.9
1111.24762161321,160.019677189492,25,2020-07-22 07:49:11.999,1111.24762161321,160.019677189492,25,2020-07-22 07:49:11.999,25,25
1115.69261264626,160.019677189492,25.1,2020-07-22 07:49:12.099,1115.69261264626,160.019677189492,25.1,2020-07-22 07:49:12.099,25.1,25.1
1120.1376036793,160.019677189492,25.2,2020-07-22 07:49:12.199,1120.1376036793,160.019677189492,25.2,2020-07-22 07:49:12.199,25.2,25.2
1124.58259471234,160.019677189492,25.3,2020-07-22 07:49:12.299,1124.58259471234,160.019677189492,25.3,2020-07-22 07:49:12.299,25.3,25.3
1129.02758574538,160.019677189492,25.4,2020-07-22 07:49:12.399,1129.02758574538,160.019677189492,25.4,2020-07-22 07:49:12.399,25.4,25.4
1133.47257677842,160.019677189492,25.5,2020-07-22 07:49:12.499,1133.47257677842,160.019677189492,25.5,2020-07-22 07:49:12.499,25.5,25.5
1137.91756781146,160.019677189492,25.6,2020-07-22 07:49:12.599,1137.91756781146,160.019677189492,25.6,2020-07-22 07:49:12.599,25.6,25.6
1142.36255884451,160.019677189492,25.7,2020-07-22 07:49:12.699,1142.36255884451,160.019677189492,25.7,2020-07-22 07:49:12.699,25.7,25.7
1146.80754987755,160.019677189492,25.8,2020-07-22 07:49:12.799,1146.80754987755,160.019677189492,25.8,2020-07-22 07:49:12.799,25.8,25.8
1151.25254091059,160.019677189492,25.9,2020-07-22 07:49:12.899,1151.25254091059,160.019677189492,25.9,2020-07-22 07:49:12.899,25.9,25.9
1155.69753194363,160.019677189492,26,2020-07-22 07:49:12.999,1155.69753194363,160.019677189492,26,2020-07-22 07:49:12.999,26,26
1160.14252297667,160.019677189492,26.1,2020-07-22 07:49:13.099,1160.14252297667,160.019677189492,26.1,2020-07-22 07:49:13.099,26.1,26.1
1164.58751400971,160.019677189492,26.2,2020-07-22 07:49:13.199,1164.58751400971,160.019677189492,26.2,2020-07-22 07:49:13.199,26.2,26.2
1169.03250504276,160.019677189492,26.3,2020-07-22 07:49:13.299,1169.03250504276,160.019677189492,26.3,2020-07-22 07:49:13.299,26.3,26.3
1173.4774960758,160.019677189492,26.4,2020-07-22 07:49:13.399,1173.4774960758,160.019677189492,26.4,2020-07-22 07:49:13.399,26.4,26.4
1177.92248710884,160.019677189492,26.5,2020-07-22 07:49:13.499,1177.92248710884,160.019677189492,26.5,2020-07-22 07:49:13.499,26.5,26.5
1182.36747814188,160.019677189492,26.6,2020-07-22 07:49:13.599,1182.36747814188,160.019677189492,26.6,2020-07-22 07:49:13.599,26.6,26.6
1186.81246917492,160.019677189492,26.7,2020-07-22 07:49:13.699,1186.81246917492,160.019677189492,26.7,2020-07-22 07:49:13.699,26.7,26.7
1191.25746020796,160.019677189492,26.8,2020-07-22 07:49:13.799,1191.25746020796,160.019677189492,26.8,2020-07-22 07:49:13.799,26.8,26.8
1195.702451241,160.019677189492,26.9,2020-07-22 07:49:13.899,1195.702451241,160.019677189492,26.9,2020-07-22 07:49:13.899,26.9,26.9
1200.14744227405,160.019677189492,27,2020-07-22 07:49:13.999,1200.14744227405,160.019677189492,27,2020-07-22 07:49:13.999,27,27
1204.59243330709,160.019677189492,27.1,2020-07-22 07:49:14.099,1204.59243330709,160.019677189492,27.1,2020-07-22 07:49:14.099,27.1,27.1
1209.03742434013,160.019677189492,27.2,2020-07-22 07:49:14.199,1209.03742434013,160.019677189492,27.2,2020-07-22 07:49:14.199,27.2,27.2
1213.48241537317,160.019677189492,27.3,2020-07-22 07:49:14.299,1213.48241537317,160.019677189492,27.3,2020-07-22 07:49:14.299,27.3,27.3
1217.92740640621,160.019677189492,27.4,2020-07-22 07:49:14.399,1217.92740640621,160.019677189492,27.4,2020-07-22 07:49:14.399,27.4,27.4
1222.37239743925,160.019677189492,27.5,2020-07-22 07:49:14.499,1222.37239743925,160.019677189492,27.5,2020-07-22 07:49:14.499,27.5,27.5
1226.8173884723,160.019677189492,27.6,2020-07-22 07:49:14.599,1226.8173884723,160.019677189492,27.6,2020-07-22 07:49:14.599,27.6,27.6
1231.26237950534,160.019677189492,27.7,2020-07-22 07:49:14.699,1231.26237950534,160.019677189492,27.7,2020-07-22 07:49:14.699,27.7,27.7
1235.70737053838,160.019677189492,27.8,2020-07-22 07:49:14.799,1235.70737053838,160.019677189492,27.8,2020-07-22 07:49:14.799,27.8,27.8
1240.15236157142,160.019677189492,27.9,2020-07-22 07:49:14.899,1240.15236157142,160.019677189492,27.9,2020-07-22 07:49:14.899,27.9,27.9
1244.59735260446,160.019677189492,28,2020-07-22 07:49:14.999,1244.59735260446,160.019677189492,28,2020-07-22 07:49:14.999,28,28
1249.0423436375,160.019677189492,28.1,2020-07-22 07:49:15.099,1249.0423436375,160.019677189492,28.1,2020-07-22 07:49:15.099,28.1,28.1
1253.48733467054,160.019677189492,28.2,2020-07-22 07:49:15.199,1253.48733467054,160.019677189492,28.2,2020-07-22 07:49:15.199,28.2,28.2
1257.93232570359,160.019677189492,28.3,2020-07-22 07:49:15.299,1257.93232570359,160.019677189492,28.3,2020-07-22 07:49:15.299,28.3,28.3
1262.37731673663,160.019677189492,28.4,2020-07-22 07:49:15.399,1262.37731673663,160.019677189492,28.4,2020-07-22 07:49:15.399,28.4,28.4
1266.82230776967,160.019677189492,28.5,2020-07-22 07:49:15.499,1266.82230776967,160.019677189492,28.5,2020-07-22 07:49:15.499,28.5,28.5
1271.26729880271,160.019677189492,28.6,2020-07-22 07:49:15.599,1271.26729880271,160.019677189492,28.6,2020-07-22 07:49:15.599,28.6,28.6
1275.71228983575,160.019677189492,28.7,2020-07-22 07:49:15.699,1275.71228983575,160.019677189492,28.7,2020-07-22 07:49:15.699,28.7,28.7
1280.15728086879,160.019677189492,28.8,2020-07-22 07:49:15.799,1280.15728086879,160.019677189492,28.8,2020-07-22 07:49:15.799,28.8,28.8
1284.60227190184,160.019677189492,28.9,2020-07-22 07:49:15.899,1284.60227190184,160.019677189492,28.9,2020-07-22 07:49:15.899,28.9,28.9
1289.04726293488,160.019677189492,29,2020-07-22 07:49:15.999,1289.04726293488,160.019677189492,29,2020-07-22 07:49:15.999,29,29
1293.49225396792,160.019677189492,29.1,2020-07-22 07:49:16.099,1293.49225396792,160.019677189492,29.1,2020-07-22 07:49:16.099,29.1,29.1
1297.93724500096,160.019677189492,29.2,2020-07-22 07:49:16.199,1297.93724500096,160.019677189492,29.2,2020-07-22 07:49:16.199,29.2,29.2
1302.382236034,160.019677189492,29.3,2020-07-22 07:49:16.299,1302.382236034,160.019677189492,29.3,2020-07-22 07:49:16.299,29.3,29.3
1306.82722706704,160.019677189492,29.4,2020-07-22 07:49:16.399,1306.82722706704,160.019677189492,29.4,2020-07-22 07:49:16.399,29.4,29.4
1311.27221810008,160.019677189492,29.5,2020-07-22 07:49:16.499,1311.27221810008,160.019677189492,29.5,2020-07-22 07:49:16.499,29.5,29.5
1315.71720913313,160.019677189492,29.6,2020-07-22 07:49:16.599,1315.71720913313,160.019677189492,29.6,2020-07-22 07:49:16.599,29.6,29.6
1320.16220016617,160.019677189492,29.7,2020-07-22 07:49:16.699,1320.16220016617,160.019677189492,29.7,2020-07-22 07:49:16.699,29.7,29.7
1324.60719119921,160.019677189492,29.8,2020-07-22 07:49:16.799,1324.60719119921,160.019677189492,29.8,2020-07-22 07:49:16.799,29.8,29.8
1329.05218223225,160.019677189492,29.9,2020-07-22 07:49:16.899,1329.05218223225,160.019677189492,29.9,2020-07-22 07:49:16.899,29.9,29.9
1333.49717326529,160.019677189492,30,2020-07-22 07:49:16.999,1333.49717326529,160.019677189492,30,2020-07-22 07:49:16.999,30,30
1337.94216429833,160.019677189492,30.1,2020-07-22 07:49:17.099,1337.94216429833,160.019677189492,30.1,2020-07-22 07:49:17.099,30.1,30.1
1342.38715533138,160.019677189492,30.2,2020-07-22 07:49:17.199,1342.38715533138,160.019677189492,30.2,2020-07-22 07:49:17.199,30.2,30.2
1346.83214636442,160.019677189492,30.3,2020-07-22 07:49:17.299,1346.83214636442,160.019677189492,30.3,2020-07-22 07:49:17.299,30.3,30.3
1351.27713739746,160.019677189492,30.4,2020-07-22 07:49:17.399,1351.27713739746,160.019677189492,30.4,2020-07-22 07:49:17.399,30.4,30.4
1355.7221284305,160.019677189492,30.5,2020-07-22 07:49:17.499,1355.7221284305,160.019677189492,30.5,2020-07-22 07:49:17.499,30.5,30.5
1360.16711946354,160.019677189492,30.6,2020-07-22 07:49:17.599,1360.16711946354,160.019677189492,30.6,2020-07-22 07:49:17.599,30.6,30.6
1364.61211049658,160.019677189492,30.7,2020-07-22 07:49:17.699,1364.61211049658,160.019677189492,30.7,2020-07-22 07:49:17.699,30.7,30.7
1369.05710152963,160.019677189492,30.8,2020-07-22 07:49:17.799,1369.05710152963,160.019677189492,30.8,2020-07-22 07:49:17.799,30.8,30.8
1373.49846287095,159.714820566701,30.9,2020-07-22 07:49:17.899,1373.49846287095,159.714820566701,30.9,2020-07-22 07:49:17.899,30.9,30.9
1377.92954286111,159.322957419064,31,2020-07-22 07:49:17.999,1377.92954286111,159.322957419064,31,2020-07-22 07:49:17.999,31,31
1382.34973932065,158.931206316695,31.1,2020-07-22 07:49:18.099,1382.34973932065,158.931206316695,31.1,2020-07-22 07:49:18.099,31.1,31.1
1386.75905535812,158.539566984143,31.2,2020-07-22 07:49:18.199,1386.75905535812,158.539566984143,31.2,2020-07-22 07:49:18.199,31.2,31.2
1391.15749407442,158.148039146244,31.3,2020-07-22 07:49:18.299,1391.15749407442,158.148039146244,31.3,2020-07-22 07:49:18.299,31.3,31.3
1395.5450585628,157.75662252812,31.4,2020-07-22 07:49:18.399,1395.5450585628,157.75662252812,31.4,2020-07-22 07:49:18.399,31.4,31.4
1399.92175190888,157.365316855179,31.5,2020-07-22 07:49:18.499,1399.92175190888,157.365316855179,31.5,2020-07-22 07:49:18.499,31.5,31.5
1404.28757719067,156.974121853114,31.6,2020-07-22 07:49:18.599,1404.28757719067,156.974121853114,31.6,2020-07-22 07:49:18.599,31.6,31.6
1408.64253747854,156.583037247898,31.7,2020-07-22 07:49:18.699,1408.64253747854,156.583037247898,31.7,2020-07-22 07:49:18.699,31.7,31.7
1412.98663583528,156.192062765792,31.8,2020-07-22 07:49:18.799,1412.98663583528,156.192062765792,31.8,2020-07-22 07:49:18.799,31.8,31.8
1417.31987531606,155.801198133336,31.9,2020-07-22 07:49:18.899,1417.31987531606,155.801198133336,31.9,2020-07-22 07:49:18.899,31.9,31.9
1421.64225896847,155.41044307735,32,2020-07-22 07:49:18.999,1421.64225896847,155.41044307735,32,2020-07-22 07:49:18.999,32,32
1425.9537898325,155.019797324939,32.1,2020-07-22 07:49:19.099,1425.9537898325,155.019797324939,32.1,2020-07-22 07:49:19.099,32.1,32.1
1430.25447094058,154.629260603482,32.2,2020-07-22 07:49:19.199,1430.25447094058,154.629260603482,32.2,2020-07-22 07:49:19.199,32.2,32.2
1434.54430531757,154.23883264064,32.3,2020-07-22 07:49:19.299,1434.54430531757,154.23883264064,32.3,2020-07-22 07:49:19.299,32.3,32.3
1438.82329598075,153.848513164352,32.4,2020-07-22 07:49:19.399,1438.82329598075,153.848513164352,32.4,2020-07-22 07:49:19.399,32.4,32.4
1443.09144593987,153.458301902833,32.5,2020-07-22 07:49:19.499,1443.09144593987,153.458301902833,32.5,2020-07-22 07:49:19.499,32.5,32.5
1447.34875819712,153.068198584575,32.6,2020-07-22 07:49:19.599,1447.34875819712,153.068198584575,32.6,2020-07-22 07:49:19.599,32.6,32.6
1451.59523574715,152.678202938346,32.7,2020-07-22 07:49:19.699,1451.59523574715,152.678202938346,32.7,2020-07-22 07:49:19.699,32.7,32.7
1455.8308815771,152.288314693187,32.8,2020-07-22 07:49:19.799,1455.8308815771,152.288314693187,32.8,2020-07-22 07:49:19.799,32.8,32.8
1460.05569866657,151.898533578414,32.9,2020-07-22 07:49:19.899,1460.05569866657,151.898533578414,32.9,2020-07-22 07:49:19.899,32.9,32.9
1464.26968998764,151.508859323616,33,2020-07-22 07:49:19.999,1464.26968998764,151.508859323616,33,2020-07-22 07:49:19.999,33,33
1468.47285850489,151.119291658656,33.1,2020-07-22 07:49:20.099,1468.47285850489,151.119291658656,33.1,2020-07-22 07:49:20.099,33.1,33.1
1472.66520717541,150.729830313665,33.2,2020-07-22 07:49:20.199,1472.66520717541,150.729830313665,33.2,2020-07-22 07:49:20.199,33.2,33.2
1476.84673894878,150.340475019048,33.3,2020-07-22 07:49:20.299,1476.84673894878,150.340475019048,33.3,2020-07-22 07:49:20.299,33.3,33.3
1481.0174567671,149.951225505478,33.4,2020-07-22 07:49:20.399,1481.0174567671,149.951225505478,33.4,2020-07-22 07:49:20.399,33.4,33.4
1485.177363565,149.562081503898,33.5,2020-07-22 07:49:20.499,1485.177363565,149.562081503898,33.5,2020-07-22 07:49:20.499,33.5,33.5
1489.32646226963,149.173042745519,33.6,2020-07-22 07:49:20.599,1489.32646226963,149.173042745519,33.6,2020-07-22 07:49:20.599,33.6,33.6
1493.46475580069,148.78410896182,33.7,2020-07-22 07:49:20.699,1493.46475580069,148.78410896182,33.7,2020-07-22 07:49:20.699,33.7,33.7
1497.59224707041,148.395279884546,33.8,2020-07-22 07:49:20.799,1497.59224707041,148.395279884546,33.8,2020-07-22 07:49:20.799,33.8,33.8
1501.70893898359,148.006555245709,33.9,2020-07-22 07:49:20.899,1501.70893898359,148.006555245709,33.9,2020-07-22 07:49:20.899,33.9,33.9
1505.81483443756,147.617934777586,34,2020-07-22 07:49:20.999,1505.81483443756,147.617934777586,34,2020-07-22 07:49:20.999,34,34
1509.90993632225,147.229418212717,34.1,2020-07-22 07:49:21.099,1509.90993632225,147.229418212717,34.1,2020-07-22 07:49:21.099,34.1,34.1
1513.99424752015,146.841005283908,34.2,2020-07-22 07:49:21.199,1513.99424752015,146.841005283908,34.2,2020-07-22 07:49:21.199,34.2,34.2
1518.06777090632,146.452695724226,34.3,2020-07-22 07:49:21.299,1518.06777090632,146.452695724226,34.3,2020-07-22 07:49:21.299,34.3,34.3
1522.13050934843,146.064489267,34.4,2020-07-22 07:49:21.399,1522.13050934843,146.064489267,34.4,2020-07-22 07:49:21.399,34.4,34.4
1526.18246570674,145.676385645823,34.5,2020-07-22 07:49:21.499,1526.18246570674,145.676385645823,34.5,2020-07-22 07:49:21.499,34.5,34.5
1530.22364283409,145.288384594544,34.6,2020-07-22 07:49:21.599,1530.22364283409,145.288384594544,34.6,2020-07-22 07:49:21.599,34.6,34.6
1534.25404357598,144.900485847277,34.7,2020-07-22 07:49:21.699,1534.25404357598,144.900485847277,34.7,2020-07-22 07:49:21.699,34.7,34.7
1538.27367077047,144.51268913839,34.8,2020-07-22 07:49:21.799,1538.27367077047,144.51268913839,34.8,2020-07-22 07:49:21.799,34.8,34.8
1542.28252724829,144.124994202513,34.9,2020-07-22 07:49:21.899,1542.28252724829,144.124994202513,34.9,2020-07-22 07:49:21.899,34.9,34.9
1546.28061583278,143.737400774532,35,2020-07-22 07:49:21.999,1546.28061583278,143.737400774532,35,2020-07-22 07:49:21.999,35,35
1550.26793933993,143.349908589589,35.1,2020-07-22 07:49:22.099,1550.26793933993,143.349908589589,35.1,2020-07-22 07:49:22.099,35.1,35.1
1554.24450057836,142.962517383082,35.2,2020-07-22 07:49:22.199,1554.24450057836,142.962517383082,35.2,2020-07-22 07:49:22.199,35.2,35.2
1558.21030234936,142.575226890666,35.3,2020-07-22 07:49:22.299,1558.21030234936,142.575226890666,35.3,2020-07-22 07:49:22.299,35.3,35.3
1562.16534744688,142.188036848248,35.4,2020-07-22 07:49:22.399,1562.16534744688,142.188036848248,35.4,2020-07-22 07:49:22.399,35.4,35.4
1566.10963865753,141.80094699199,35.5,2020-07-22 07:49:22.499,1566.10963865753,141.80094699199,35.5,2020-07-22 07:49:22.499,35.5,35.5
1570.0431787606,141.413957058307,35.6,2020-07-22 07:49:22.599,1570.0431787606,141.413957058307,35.6,2020-07-22 07:49:22.599,35.6,35.6
1573.96597052805,141.027066783865,35.7,2020-07-22 07:49:22.699,1573.96597052805,141.027066783865,35.7,2020-07-22 07:49:22.699,35.7,35.7
1577.87801672454,140.640275905582,35.8,2020-07-22 07:49:22.799,1577.87801672454,140.640275905582,35.8,2020-07-22 07:49:22.799,35.8,35.8
1581.77932010743,140.253584160627,35.9,2020-07-22 07:49:22.899,1581.77932010743,140.253584160627,35.9,2020-07-22 07:49:22.899,35.9,35.9
1585.66988342677,139.866991286418,36,2020-07-22 07:49:22.999,1585.66988342677,139.866991286418,36,2020-07-22 07:49:22.999,36,36
1589.54970942533,139.480497020623,36.1,2020-07-22 07:49:23.099,1589.54970942533,139.480497020623,36.1,2020-07-22 07:49:23.099,36.1,36.1
1593.41880083859,139.094101101156,36.2,2020-07-22 07:49:23.199,1593.41880083859,139.094101101156,36.2,2020-07-22 07:49:23.199,36.2,36.2
1597.27716039475,138.707803266182,36.3,2020-07-22 07:49:23.299,1597.27716039475,138.707803266182,36.3,2020-07-22 07:49:23.299,36.3,36.3
1601.12479081475,138.321603254111,36.4,2020-07-22 07:49:23.399,1601.12479081475,138.321603254111,36.4,2020-07-22 07:49:23.399,36.4,36.4
1604.96169481227,137.935500803598,36.5,2020-07-22 07:49:23.499,1604.96169481227,137.935500803598,36.5,2020-07-22 07:49:23.499,36.5,36.5
1608.78787509372,137.549495653545,36.6,2020-07-22 07:49:23.599,1608.78787509372,137.549495653545,36.6,2020-07-22 07:49:23.599,36.6,36.6
1612.60333435826,137.163587543098,36.7,2020-07-22 07:49:23.699,1612.60333435826,137.163587543098,36.7,2020-07-22 07:49:23.699,36.7,36.7
1616.40807529783,136.777776211647,36.8,2020-07-22 07:49:23.799,1616.40807529783,136.777776211647,36.8,2020-07-22 07:49:23.799,36.8,36.8
1620.2021005971,136.392061398824,36.9,2020-07-22 07:49:23.899,1620.2021005971,136.392061398824,36.9,2020-07-22 07:49:23.899,36.9,36.9
1623.98541293354,136.006442844506,37,2020-07-22 07:49:23.999,1623.98541293354,136.006442844506,37,2020-07-22 07:49:23.999,37,37
1627.75801497739,135.620920288808,37.1,2020-07-22 07:49:24.099,1627.75801497739,135.620920288808,37.1,2020-07-22 07:49:24.099,37.1,37.1
1631.51990939167,135.235493472089,37.2,2020-07-22 07:49:24.199,1631.51990939167,135.235493472089,37.2,2020-07-22 07:49:24.199,37.2,37.2
1635.27109883219,134.850162134946,37.3,2020-07-22 07:49:24.299,1635.27109883219,134.850162134946,37.3,2020-07-22 07:49:24.299,37.3,37.3
1639.01158594756,134.464926018216,37.4,2020-07-22 07:49:24.399,1639.01158594756,134.464926018216,37.4,2020-07-22 07:49:24.399,37.4,37.4
1642.7413733792,134.079784862976,37.5,2020-07-22 07:49:24.499,1642.7413733792,134.079784862976,37.5,2020-07-22 07:49:24.499,37.5,37.5
1646.46046376132,133.694738410538,37.6,2020-07-22 07:49:24.599,1646.46046376132,133.694738410538,37.6,2020-07-22 07:49:24.599,37.6,37.6
1650.16885972099,133.309786402453,37.7,2020-07-22 07:49:24.699,1650.16885972099,133.309786402453,37.7,2020-07-22 07:49:24.699,37.7,37.7
1653.86656387805,132.92492858051,37.8,2020-07-22 07:49:24.799,1653.86656387805,132.92492858051,37.8,2020-07-22 07:49:24.799,37.8,37.8
1657.55357884522,132.54016468673,37.9,2020-07-22 07:49:24.899,1657.55357884522,132.54016468673,37.9,2020-07-22 07:49:24.899,37.9,37.9
1661.22990722802,132.155494463372,38,2020-07-22 07:49:24.999,1661.22990722802,132.155494463372,38,2020-07-22 07:49:24.999,38,38
1664.89555162484,131.770917652928,38.1,2020-07-22 07:49:25.099,1664.89555162484,131.770917652928,38.1,2020-07-22 07:49:25.099,38.1,38.1
1668.5505146269,131.386433998124,38.2,2020-07-22 07:49:25.199,1668.5505146269,131.386433998124,38.2,2020-07-22 07:49:25.199,38.2,38.2
1672.19479881829,131.002043241917,38.3,2020-07-22 07:49:25.299,1672.19479881829,131.002043241917,38.3,2020-07-22 07:49:25.299,38.3,38.3
1675.82840677596,130.6177451275,38.4,2020-07-22 07:49:25.399,1675.82840677596,130.6177451275,38.4,2020-07-22 07:49:25.399,38.4,38.4
1679.45134106973,130.233539398293,38.5,2020-07-22 07:49:25.499,1679.45134106973,130.233539398293,38.5,2020-07-22 07:49:25.499,38.5,38.5
1683.0636042623,129.84942579795,38.6,2020-07-22 07:49:25.599,1683.0636042623,129.84942579795,38.6,2020-07-22 07:49:25.599,38.6,38.6
1686.66519890923,129.465404070352,38.7,2020-07-22 07:49:25.699,1686.66519890923,129.465404070352,38.7,2020-07-22 07:49:25.699,38.7,38.7
1690.256127559,129.081473959612,38.8,2020-07-22 07:49:25.799,1690.256127559,129.081473959612,38.8,2020-07-22 07:49:25.799,38.8,38.8
1693.83639275297,128.697635210069,38.9,2020-07-22 07:49:25.899,1693.83639275297,128.697635210069,38.9,2020-07-22 07:49:25.899,38.9,38.9
1697.40599702541,128.313887566291,39,2020-07-22 07:49:25.999,1697.40599702541,128.313887566291,39,2020-07-22 07:49:25.999,39,39
1700.96494290347,127.930230773073,39.1,2020-07-22 07:49:26.099,1700.96494290347,127.930230773073,39.1,2020-07-22 07:49:26.099,39.1,39.1
1704.51323290725,127.546664575436,39.2,2020-07-22 07:49:26.199,1704.51323290725,127.546664575436,39.2,2020-07-22 07:49:26.199,39.2,39.2
1708.05086954976,127.163188718628,39.3,2020-07-22 07:49:26.299,1708.05086954976,127.163188718628,39.3,2020-07-22 07:49:26.299,39.3,39.3
1711.57785533691,126.779802948119,39.4,2020-07-22 07:49:26.399,1711.57785533691,126.779802948119,39.4,2020-07-22 07:49:26.399,39.4,39.4
1715.09419276759,126.396507009606,39.5,2020-07-22 07:49:26.499,1715.09419276759,126.396507009606,39.5,2020-07-22 07:49:26.499,39.5,39.5
1718.59988433359,126.013300649008,39.6,2020-07-22 07:49:26.599,1718.59988433359,126.013300649008,39.6,2020-07-22 07:49:26.599,39.6,39.6
1722.09493251966,125.630183612467,39.7,2020-07-22 07:49:26.699,1722.09493251966,125.630183612467,39.7,2020-07-22 07:49:26.699,39.7,39.7
1725.5793398035,125.247155646347,39.8,2020-07-22 07:49:26.799,1725.5793398035,125.247155646347,39.8,2020-07-22 07:49:26.799,39.8,39.8
1729.05310865577,124.864216497234,39.9,2020-07-22 07:49:26.899,1729.05310865577,124.864216497234,39.9,2020-07-22 07:49:26.899,39.9,39.9
1732.51624154009,124.481365911934,40,2020-07-22 07:49:26.999,1732.51624154009,124.481365911934,40,2020-07-22 07:49:26.999,40,40
1735.96874091306,124.098603637473,40.1,2020-07-22 07:49:27.099,1735.96874091306,124.098603637473,40.1,2020-07-22 07:49:27.099,40.1,40.1
1739.41060922424,123.715929421095,40.2,2020-07-22 07:49:27.199,1739.41060922424,123.715929421095,40.2,2020-07-22 07:49:27.199,40.2,40.2
1742.84184891618,123.333343010266,40.3,2020-07-22 07:49:27.299,1742.84184891618,123.333343010266,40.3,2020-07-22 07:49:27.299,40.3,40.3
1746.26246242443,122.950844152667,40.4,2020-07-22 07:49:27.399,1746.26246242443,122.950844152667,40.4,2020-07-22 07:49:27.399,40.4,40.4
1749.6724521775,122.568432596196,40.5,2020-07-22 07:49:27.499,1749.6724521775,122.568432596196,40.5,2020-07-22 07:49:27.499,40.5,40.5
1753.07182059694,122.186108088969,40.6,2020-07-22 07:49:27.599,1753.07182059694,122.186108088969,40.6,2020-07-22 07:49:27.599,40.6,40.6
1756.46057009728,121.803870379317,40.7,2020-07-22 07:49:27.699,1756.46057009728,121.803870379317,40.7,2020-07-22 07:49:27.699,40.7,40.7
1759.83870308608,121.421719215786,40.8,2020-07-22 07:49:27.799,1759.83870308608,121.421719215786,40.8,2020-07-22 07:49:27.799,40.8,40.8
1763.2062219639,121.039654347136,40.9,2020-07-22 07:49:27.899,1763.2062219639,121.039654347136,40.9,2020-07-22 07:49:27.899,40.9,40.9
1766.56312912433,120.657675522341,41,2020-07-22 07:49:27.999,1766.56312912433,120.657675522341,41,2020-07-22 07:49:27.999,41,41
1769.90942695401,120.275782490589,41.1,2020-07-22 07:49:28.099,1769.90942695401,120.275782490589,41.1,2020-07-22 07:49:28.099,41.1,41.1
1773.24511783258,119.893975001278,41.2,2020-07-22 07:49:28.199,1773.24511783258,119.893975001278,41.2,2020-07-22 07:49:28.199,41.2,41.2
1776.57020413275,119.51225280402,41.3,2020-07-22 07:49:28.299,1776.57020413275,119.51225280402,41.3,2020-07-22 07:49:28.299,41.3,41.3
1779.88468822027,119.130615648636,41.4,2020-07-22 07:49:28.399,1779.88468822027,119.130615648636,41.4,2020-07-22 07:49:28.399,41.4,41.4
1783.18857245394,118.749063285159,41.5,2020-07-22 07:49:28.499,1783.18857245394,118.749063285159,41.5,2020-07-22 07:49:28.499,41.5,41.5
1786.48185918562,118.367595463829,41.6,2020-07-22 07:49:28.599,1786.48185918562,118.367595463829,41.6,2020-07-22 07:49:28.599,41.6,41.6
1789.76455076024,117.986211935098,41.7,2020-07-22 07:49:28.699,1789.76455076024,117.986211935098,41.7,2020-07-22 07:49:28.699,41.7,41.7
1793.03664951579,117.604912449623,41.8,2020-07-22 07:49:28.799,1793.03664951579,117.604912449623,41.8,2020-07-22 07:49:28.799,41.8,41.8
1796.29815778335,117.22369675827,41.9,2020-07-22 07:49:28.899,1796.29815778335,117.22369675827,41.9,2020-07-22 07:49:28.899,41.9,41.9
1799.54907788708,116.842564612114,42,2020-07-22 07:49:28.999,1799.54907788708,116.842564612114,42,2020-07-22 07:49:28.999,42,42
1802.78941214422,116.461515762431,42.1,2020-07-22 07:49:29.099,1802.78941214422,116.461515762431,42.1,2020-07-22 07:49:29.099,42.1,42.1
1806.01916286511,116.080549960707,42.2,2020-07-22 07:49:29.199,1806.01916286511,116.080549960707,42.2,2020-07-22 07:49:29.199,42.2,42.2
1809.23833235319,115.699666958631,42.3,2020-07-22 07:49:29.299,1809.23833235319,115.699666958631,42.3,2020-07-22 07:49:29.299,42.3,42.3
1812.446922905,115.318866508095,42.4,2020-07-22 07:49:29.399,1812.446922905,115.318866508095,42.4,2020-07-22 07:49:29.399,42.4,42.4
1815.64493681019,114.938148361197,42.5,2020-07-22 07:49:29.499,1815.64493681019,114.938148361197,42.5,2020-07-22 07:49:29.499,42.5,42.5
1818.83237635155,114.557512270235,42.6,2020-07-22 07:49:29.599,1818.83237635155,114.557512270235,42.6,2020-07-22 07:49:29.599,42.6,42.6
1822.00924380496,114.176957987711,42.7,2020-07-22 07:49:29.699,1822.00924380496,114.176957987711,42.7,2020-07-22 07:49:29.699,42.7,42.7
1825.17554143944,113.796485266327,42.8,2020-07-22 07:49:29.799,1825.17554143944,113.796485266327,42.8,2020-07-22 07:49:29.799,42.8,42.8
1828.33127151714,113.416093858987,42.9,2020-07-22 07:49:29.899,1828.33127151714,113.416093858987,42.9,2020-07-22 07:49:29.899,42.9,42.9
1831.47643629337,113.035783518795,43,2020-07-22 07:49:29.999,1831.47643629337,113.035783518795,43,2020-07-22 07:49:29.999,43,43
1834.61103801657,112.655553999052,43.1,2020-07-22 07:49:30.099,1834.61103801657,112.655553999052,43.1,2020-07-22 07:49:30.099,43.1,43.1
1837.73507892831,112.27540505326,43.2,2020-07-22 07:49:30.199,1837.73507892831,112.27540505326,43.2,2020-07-22 07:49:30.199,43.2,43.2
1840.84856126334,111.895336435119,43.3,2020-07-22 07:49:30.299,1840.84856126334,111.895336435119,43.3,2020-07-22 07:49:30.299,43.3,43.3
1843.95148724957,111.515347898526,43.4,2020-07-22 07:49:30.399,1843.95148724957,111.515347898526,43.4,2020-07-22 07:49:30.399,43.4,43.4
1847.04385910807,111.135439197574,43.5,2020-07-22 07:49:30.499,1847.04385910807,111.135439197574,43.5,2020-07-22 07:49:30.499,43.5,43.5
1850.12567905308,110.755610086552,43.6,2020-07-22 07:49:30.599,1850.12567905308,110.755610086552,43.6,2020-07-22 07:49:30.599,43.6,43.6
1853.19694929203,110.375860319946,43.7,2020-07-22 07:49:30.699,1853.19694929203,110.375860319946,43.7,2020-07-22 07:49:30.699,43.7,43.7
1856.25767202552,109.996189652435,43.8,2020-07-22 07:49:30.799,1856.25767202552,109.996189652435,43.8,2020-07-22 07:49:30.799,43.8,43.8
1859.30784944733,109.616597838892,43.9,2020-07-22 07:49:30.899,1859.30784944733,109.616597838892,43.9,2020-07-22 07:49:30.899,43.9,43.9
1862.34748374447,109.237084634385,44,2020-07-22 07:49:30.999,1862.34748374447,109.237084634385,44,2020-07-22 07:49:30.999,44,44
1865.3765770971,108.857649794174,44.1,2020-07-22 07:49:31.099,1865.3765770971,108.857649794174,44.1,2020-07-22 07:49:31.099,44.1,44.1
1868.39513167862,108.478293073709,44.2,2020-07-22 07:49:31.199,1868.39513167862,108.478293073709,44.2,2020-07-22 07:49:31.199,44.2,44.2
1871.40314965563,108.099014228635,44.3,2020-07-22 07:49:31.299,1871.40314965563,108.099014228635,44.3,2020-07-22 07:49:31.299,44.3,44.3
1874.40063318795,107.719813014785,44.4,2020-07-22 07:49:31.399,1874.40063318795,107.719813014785,44.4,2020-07-22 07:49:31.399,44.4,44.4
1877.38758442859,107.340689188183,44.5,2020-07-22 07:49:31.499,1877.38758442859,107.340689188183,44.5,2020-07-22 07:49:31.499,44.5,44.5
1880.36400552384,106.961642505043,44.6,2020-07-22 07:49:31.599,1880.36400552384,106.961642505043,44.6,2020-07-22 07:49:31.599,44.6,44.6
1883.32989861317,106.582672721767,44.7,2020-07-22 07:49:31.699,1883.32989861317,106.582672721767,44.7,2020-07-22 07:49:31.699,44.7,44.7
1886.28526582931,106.203779594945,44.8,2020-07-22 07:49:31.799,1886.28526582931,106.203779594945,44.8,2020-07-22 07:49:31.799,44.8,44.8
1889.23010929823,105.824962881355,44.9,2020-07-22 07:49:31.899,1889.23010929823,105.824962881355,44.9,2020-07-22 07:49:31.899,44.9,44.9
1892.16443113915,105.446222337961,45,2020-07-22 07:49:31.999,1892.16443113915,105.446222337961,45,2020-07-22 07:49:31.999,45,45
1895.08823346452,105.067557721915,45.1,2020-07-22 07:49:32.099,1895.08823346452,105.067557721915,45.1,2020-07-22 07:49:32.099,45.1,45.1
1898.00151838007,104.688968790553,45.2,2020-07-22 07:49:32.199,1898.00151838007,104.688968790553,45.2,2020-07-22 07:49:32.199,45.2,45.2
1900.90428798479,104.310455301396,45.3,2020-07-22 07:49:32.299,1900.90428798479,104.310455301396,45.3,2020-07-22 07:49:32.299,45.3,45.3
1903.79654437092,103.932017012149,45.4,2020-07-22 07:49:32.399,1903.79654437092,103.932017012149,45.4,2020-07-22 07:49:32.399,45.4,45.4
1906.678289624,103.553653680702,45.5,2020-07-22 07:49:32.499,1906.678289624,103.553653680702,45.5,2020-07-22 07:49:32.499,45.5,45.5
1909.54952582281,103.175365065127,45.6,2020-07-22 07:49:32.599,1909.54952582281,103.175365065127,45.6,2020-07-22 07:49:32.599,45.6,45.6
1912.41025503945,102.797150923677,45.7,2020-07-22 07:49:32.699,1912.41025503945,102.797150923677,45.7,2020-07-22 07:49:32.699,45.7,45.7
1915.26047933928,102.419011014789,45.8,2020-07-22 07:49:32.799,1915.26047933928,102.419011014789,45.8,2020-07-22 07:49:32.799,45.8,45.8
1918.10020078096,102.04094509708,45.9,2020-07-22 07:49:32.899,1918.10020078096,102.04094509708,45.9,2020-07-22 07:49:32.899,45.9,45.9
1920.92942141646,101.662952929347,46,2020-07-22 07:49:32.999,1920.92942141646,101.662952929347,46,2020-07-22 07:49:32.999,46,46
1923.74814329104,101.285034270567,46.1,2020-07-22 07:49:33.099,1923.74814329104,101.285034270567,46.1,2020-07-22 07:49:33.099,46.1,46.1
1926.55636844327,100.907188879897,46.2,2020-07-22 07:49:33.199,1926.55636844327,100.907188879897,46.2,2020-07-22 07:49:33.199,46.2,46.2
1929.35409890502,100.52941651667,46.3,2020-07-22 07:49:33.299,1929.35409890502,100.52941651667,46.3,2020-07-22 07:49:33.299,46.3,46.3
1932.14133670151,100.1517169404,46.4,2020-07-22 07:49:33.399,1932.14133670151,100.1517169404,46.4,2020-07-22 07:49:33.399,46.4,46.4
1934.91808385125,99.7740899107765,46.5,2020-07-22 07:49:33.499,1934.91808385125,99.7740899107765,46.5,2020-07-22 07:49:33.499,46.5,46.5
1937.68434236609,99.3965351876649,46.6,2020-07-22 07:49:33.599,1937.68434236609,99.3965351876649,46.6,2020-07-22 07:49:33.599,46.6,46.6
1940.44011425121,99.0190525311076,46.7,2020-07-22 07:49:33.699,1940.44011425121,99.0190525311076,46.7,2020-07-22 07:49:33.699,46.7,46.7
1943.18540150514,98.641641701322,46.8,2020-07-22 07:49:33.799,1943.18540150514,98.641641701322,46.8,2020-07-22 07:49:33.799,46.8,46.8
1945.92020611972,98.2643024587002,46.9,2020-07-22 07:49:33.899,1945.92020611972,98.2643024587002,46.9,2020-07-22 07:49:33.899,46.9,46.9
1948.64453008017,97.8870345638082,47,2020-07-22 07:49:33.999,1948.64453008017,97.8870345638082,47,2020-07-22 07:49:33.999,47,47
1951.35837536504,97.5098377773855,47.1,2020-07-22 07:49:34.099,1951.35837536504,97.5098377773855,47.1,2020-07-22 07:49:34.099,47.1,47.1
1954.06174394625,97.1327118603442,47.2,2020-07-22 07:49:34.199,1954.06174394625,97.1327118603442,47.2,2020-07-22 07:49:34.199,47.2,47.2
1956.75463778908,96.7556565737687,47.3,2020-07-22 07:49:34.299,1956.75463778908,96.7556565737687,47.3,2020-07-22 07:49:34.299,47.3,47.3
1959.43705885216,96.3786716789148,47.4,2020-07-22 07:49:34.399,1959.43705885216,96.3786716789148,47.4,2020-07-22 07:49:34.399,47.4,47.4
1962.1090090875,96.0017569372092,47.5,2020-07-22 07:49:34.499,1962.1090090875,96.0017569372092,47.5,2020-07-22 07:49:34.499,47.5,47.5
1964.7704904405,95.6249121102489,47.6,2020-07-22 07:49:34.599,1964.7704904405,95.6249121102489,47.6,2020-07-22 07:49:34.599,47.6,47.6
1967.42150484992,95.2481369598003,47.7,2020-07-22 07:49:34.699,1967.42150484992,95.2481369598003,47.7,2020-07-22 07:49:34.699,47.7,47.7
1970.06205424791,94.8714312477992,47.8,2020-07-22 07:49:34.799,1970.06205424791,94.8714312477992,47.8,2020-07-22 07:49:34.799,47.8,47.8
1972.69214056002,94.4947947363494,47.9,2020-07-22 07:49:34.899,1972.69214056002,94.4947947363494,47.9,2020-07-22 07:49:34.899,47.9,47.9
1975.31176570517,94.1182271877226,48,2020-07-22 07:49:34.999,1975.31176570517,94.1182271877226,48,2020-07-22 07:49:34.999,48,48
1977.92093159571,93.7417283643577,48.1,2020-07-22 07:49:35.099,1977.92093159571,93.7417283643577,48.1,2020-07-22 07:49:35.099,48.1,48.1
1980.51964013737,93.36529802886,48.2,2020-07-22 07:49:35.199,1980.51964013737,93.36529802886,48.2,2020-07-22 07:49:35.199,48.2,48.2
1983.10789322929,92.9889359440007,48.3,2020-07-22 07:49:35.299,1983.10789322929,92.9889359440007,48.3,2020-07-22 07:49:35.299,48.3,48.3
1985.68569276404,92.6126418727163,48.4,2020-07-22 07:49:35.399,1985.68569276404,92.6126418727163,48.4,2020-07-22 07:49:35.399,48.4,48.4
1988.25304062759,92.2364155781081,48.5,2020-07-22 07:49:35.499,1988.25304062759,92.2364155781081,48.5,2020-07-22 07:49:35.499,48.5,48.5
1990.80993869933,91.860256823441,48.6,2020-07-22 07:49:35.599,1990.80993869933,91.860256823441,48.6,2020-07-22 07:49:35.599,48.6,48.6
1993.3563888521,91.4841653721439,48.7,2020-07-22 07:49:35.699,1993.3563888521,91.4841653721439,48.7,2020-07-22 07:49:35.699,48.7,48.7
1995.89239295214,91.1081409878081,48.8,2020-07-22 07:49:35.799,1995.89239295214,91.1081409878081,48.8,2020-07-22 07:49:35.799,48.8,48.8
1998.41795285914,90.7321834341872,48.9,2020-07-22 07:49:35.899,1998.41795285914,90.7321834341872,48.9,2020-07-22 07:49:35.899,48.9,48.9
2000.93307042624,90.3562924751963,49,2020-07-22 07:49:35.999,2000.93307042624,90.3562924751963,49,2020-07-22 07:49:35.999,49,49
2003.4377475,89.9804678749117,49.1,2020-07-22 07:49:36.099,2003.4377475,89.9804678749117,49.1,2020-07-22 07:49:36.099,49.1,49.1
2005.93198592045,89.6047093975698,49.2,2020-07-22 07:49:36.199,2005.93198592045,89.6047093975698,49.2,2020-07-22 07:49:36.199,49.2,49.2
2008.41578752107,89.2290168075668,49.3,2020-07-22 07:49:36.299,2008.41578752107,89.2290168075668,49.3,2020-07-22 07:49:36.299,49.3,49.3
2010.88915412879,88.8533898694581,49.4,2020-07-22 07:49:36.399,2010.88915412879,88.8533898694581,49.4,2020-07-22 07:49:36.399,49.4,49.4
2013.352087564,88.4778283479577,49.5,2020-07-22 07:49:36.499,2013.352087564,88.4778283479577,49.5,2020-07-22 07:49:36.499,49.5,49.5
2015.80458964056,88.1023320079371,49.6,2020-07-22 07:49:36.599,2015.80458964056,88.1023320079371,49.6,2020-07-22 07:49:36.599,49.6,49.6
2018.24666216582,87.7269006144256,49.7,2020-07-22 07:49:36.699,2018.24666216582,87.7269006144256,49.7,2020-07-22 07:49:36.699,49.7,49.7
2020.67830694057,87.3515339326089,49.8,2020-07-22 07:49:36.799,2020.67830694057,87.3515339326089,49.8,2020-07-22 07:49:36.799,49.8,49.8
2023.09952575911,86.976231727829,49.9,2020-07-22 07:49:36.899,2023.09952575911,86.976231727829,49.9,2020-07-22 07:49:36.899,49.9,49.9
2025.51032040921,86.600993765583,50,2020-07-22 07:49:36.999,2025.51032040921,86.600993765583,50,2020-07-22 07:49:36.999,50,50
2027.91069267212,86.2258198115234,50.1,2020-07-22 07:49:37.099,2027.91069267212,86.2258198115234,50.1,2020-07-22 07:49:37.099,50.1,50.1
2030.30064432259,85.8507096314565,50.2,2020-07-22 07:49:37.199,2030.30064432259,85.8507096314565,50.2,2020-07-22 07:49:37.199,50.2,50.2
2032.68017712889,85.4756629913425,50.3,2020-07-22 07:49:37.299,2032.68017712889,85.4756629913425,50.3,2020-07-22 07:49:37.299,50.3,50.3
2035.04929285275,85.1006796572947,50.4,2020-07-22 07:49:37.399,2035.04929285275,85.1006796572947,50.4,2020-07-22 07:49:37.399,50.4,50.4
2037.40799324943,84.7257593955788,50.5,2020-07-22 07:49:37.499,2037.40799324943,84.7257593955788,50.5,2020-07-22 07:49:37.499,50.5,50.5
2039.7562800677,84.3509019726124,50.6,2020-07-22 07:49:37.599,2039.7562800677,84.3509019726124,50.6,2020-07-22 07:49:37.599,50.6,50.6
2042.09415504984,83.9761071549642,50.7,2020-07-22 07:49:37.699,2042.09415504984,83.9761071549642,50.7,2020-07-22 07:49:37.699,50.7,50.7
2044.42161993163,83.6013747093538,50.8,2020-07-22 07:49:37.799,2044.42161993163,83.6013747093538,50.8,2020-07-22 07:49:37.799,50.8,50.8
2046.73867644241,83.2267044026508,50.9,2020-07-22 07:49:37.899,2046.73867644241,83.2267044026508,50.9,2020-07-22 07:49:37.899,50.9,50.9
2049.045326305,82.8520960018741,51,2020-07-22 07:49:37.999,2049.045326305,82.8520960018741,51,2020-07-22 07:49:37.999,51,51
2051.3415712358,82.4775492741917,51.1,2020-07-22 07:49:38.099,2051.3415712358,82.4775492741917,51.1,2020-07-22 07:49:38.099,51.1,51.1
2053.62741294471,82.1030639869198,51.2,2020-07-22 07:49:38.199,2053.62741294471,82.1030639869198,51.2,2020-07-22 07:49:38.199,51.2,51.2
2055.90285313517,81.7286399075222,51.3,2020-07-22 07:49:38.299,2055.90285313517,81.7286399075222,51.3,2020-07-22 07:49:38.299,51.3,51.3
2058.16789350418,81.3542768036099,51.4,2020-07-22 07:49:38.399,2058.16789350418,81.3542768036099,51.4,2020-07-22 07:49:38.399,51.4,51.4
2060.42253574228,80.9799744429403,51.5,2020-07-22 07:49:38.499,2060.42253574228,80.9799744429403,51.5,2020-07-22 07:49:38.499,51.5,51.5
2062.66678153355,80.6057325934168,51.6,2020-07-22 07:49:38.599,2062.66678153355,80.6057325934168,51.6,2020-07-22 07:49:38.599,51.6,51.6
2064.90063255563,80.2315510230879,51.7,2020-07-22 07:49:38.699,2064.90063255563,80.2315510230879,51.7,2020-07-22 07:49:38.699,51.7,51.7
2067.12409047973,79.8574295001472,51.8,2020-07-22 07:49:38.799,2067.12409047973,79.8574295001472,51.8,2020-07-22 07:49:38.799,51.8,51.8
2069.33715697062,79.4833677929319,51.9,2020-07-22 07:49:38.899,2069.33715697062,79.4833677929319,51.9,2020-07-22 07:49:38.899,51.9,51.9
2071.53983368663,79.1093656699233,52,2020-07-22 07:49:38.999,2071.53983368663,79.1093656699233,52,2020-07-22 07:49:38.999,52,52
2073.73212227965,78.7354228997451,52.1,2020-07-22 07:49:39.099,2073.73212227965,78.7354228997451,52.1,2020-07-22 07:49:39.099,52.1,52.1
2075.91402439517,78.3615392511639,52.2,2020-07-22 07:49:39.199,2075.91402439517,78.3615392511639,52.2,2020-07-22 07:49:39.199,52.2,52.2
2078.08554167224,77.9877144930875,52.3,2020-07-22 07:49:39.299,2078.08554167224,77.9877144930875,52.3,2020-07-22 07:49:39.299,52.3,52.3
2080.2466757435,77.6139483945654,52.4,2020-07-22 07:49:39.399,2080.2466757435,77.6139483945654,52.4,2020-07-22 07:49:39.399,52.4,52.4
2082.39742823519,77.2402407247873,52.5,2020-07-22 07:49:39.499,2082.39742823519,77.2402407247873,52.5,2020-07-22 07:49:39.499,52.5,52.5
2084.53780076711,76.8665912530832,52.6,2020-07-22 07:49:39.599,2084.53780076711,76.8665912530832,52.6,2020-07-22 07:49:39.599,52.6,52.6
2086.66779495267,76.4929997489223,52.7,2020-07-22 07:49:39.699,2086.66779495267,76.4929997489223,52.7,2020-07-22 07:49:39.699,52.7,52.7
2088.78741239889,76.1194659819128,52.8,2020-07-22 07:49:39.799,2088.78741239889,76.1194659819128,52.8,2020-07-22 07:49:39.799,52.8,52.8
2090.89665470638,75.745989721801,52.9,2020-07-22 07:49:39.899,2090.89665470638,75.745989721801,52.9,2020-07-22 07:49:39.899,52.9,52.9
2092.99552346935,75.372570738471,53,2020-07-22 07:49:39.999,2092.99552346935,75.372570738471,53,2020-07-22 07:49:39.999,53,53
2095.08402027564,74.999208801944,53.1,2020-07-22 07:49:40.099,2095.08402027564,74.999208801944,53.1,2020-07-22 07:49:40.099,53.1,53.1
2097.16214670668,74.6259036823776,53.2,2020-07-22 07:49:40.199,2097.16214670668,74.6259036823776,53.2,2020-07-22 07:49:40.199,53.2,53.2
2099.22990433752,74.2526551500653,53.3,2020-07-22 07:49:40.299,2099.22990433752,74.2526551500653,53.3,2020-07-22 07:49:40.299,53.3,53.3
2101.28729473686,73.8794629754363,53.4,2020-07-22 07:49:40.399,2101.28729473686,73.8794629754363,53.4,2020-07-22 07:49:40.399,53.4,53.4
2103.334319467,73.506326929054,53.5,2020-07-22 07:49:40.499,2103.334319467,73.506326929054,53.5,2020-07-22 07:49:40.499,53.5,53.5
2105.37098008386,73.1332467816165,53.6,2020-07-22 07:49:40.599,2105.37098008386,73.1332467816165,53.6,2020-07-22 07:49:40.599,53.6,53.6
2107.39727813701,72.7602223039553,53.7,2020-07-22 07:49:40.699,2107.39727813701,72.7602223039553,53.7,2020-07-22 07:49:40.699,53.7,53.7
2109.41321516966,72.3872532670348,53.8,2020-07-22 07:49:40.799,2109.41321516966,72.3872532670348,53.8,2020-07-22 07:49:40.799,53.8,53.8
2111.41879271864,72.0143394419521,53.9,2020-07-22 07:49:40.899,2111.41879271864,72.0143394419521,53.9,2020-07-22 07:49:40.899,53.9,53.9
2113.41401231444,71.641480599936,54,2020-07-22 07:49:40.999,2113.41401231444,71.641480599936,54,2020-07-22 07:49:40.999,54,54
2115.3988754812,71.2686765123468,54.1,2020-07-22 07:49:41.099,2115.3988754812,71.2686765123468,54.1,2020-07-22 07:49:41.099,54.1,54.1
2117.37338373668,70.8959269506753,54.2,2020-07-22 07:49:41.199,2117.37338373668,70.8959269506753,54.2,2020-07-22 07:49:41.199,54.2,54.2
2119.33753859234,70.5232316865427,54.3,2020-07-22 07:49:41.299,2119.33753859234,70.5232316865427,54.3,2020-07-22 07:49:41.299,54.3,54.3
2121.29134155326,70.1505904916995,54.4,2020-07-22 07:49:41.399,2121.29134155326,70.1505904916995,54.4,2020-07-22 07:49:41.399,54.4,54.4
2123.2347941182,69.7780031380256,54.5,2020-07-22 07:49:41.499,2123.2347941182,69.7780031380256,54.5,2020-07-22 07:49:41.499,54.5,54.5
2125.16789777959,69.4054693975288,54.6,2020-07-22 07:49:41.599,2125.16789777959,69.4054693975288,54.6,2020-07-22 07:49:41.599,54.6,54.6
2127.0906540235,69.0329890423454,54.7,2020-07-22 07:49:41.699,2127.0906540235,69.0329890423454,54.7,2020-07-22 07:49:41.699,54.7,54.7
2129.00306432971,68.6605618447384,54.8,2020-07-22 07:49:41.799,2129.00306432971,68.6605618447384,54.8,2020-07-22 07:49:41.799,54.8,54.8
2130.90513017165,68.288187577098,54.9,2020-07-22 07:49:41.899,2130.90513017165,68.288187577098,54.9,2020-07-22 07:49:41.899,54.9,54.9
2132.79685301644,67.9158660119404,55,2020-07-22 07:49:41.999,2132.79685301644,67.9158660119404,55,2020-07-22 07:49:41.999,55,55
2134.67823432488,67.5435969219071,55.1,2020-07-22 07:49:42.099,2134.67823432488,67.5435969219071,55.1,2020-07-22 07:49:42.099,55.1,55.1
2136.54927555146,67.1713800797651,55.2,2020-07-22 07:49:42.199,2136.54927555146,67.1713800797651,55.2,2020-07-22 07:49:42.199,55.2,55.2
2138.40997814434,66.7992152584056,55.3,2020-07-22 07:49:42.299,2138.40997814434,66.7992152584056,55.3,2020-07-22 07:49:42.299,55.3,55.3
2140.2603435454,66.4271022308437,55.4,2020-07-22 07:49:42.399,2140.2603435454,66.4271022308437,55.4,2020-07-22 07:49:42.399,55.4,55.4
2142.10037319021,66.0550407702178,55.5,2020-07-22 07:49:42.499,2142.10037319021,66.0550407702178,55.5,2020-07-22 07:49:42.499,55.5,55.5
2143.93006850802,65.6830306497891,55.6,2020-07-22 07:49:42.599,2143.93006850802,65.6830306497891,55.6,2020-07-22 07:49:42.599,55.6,55.6
2145.74943092182,65.311071642941,55.7,2020-07-22 07:49:42.699,2145.74943092182,65.311071642941,55.7,2020-07-22 07:49:42.699,55.7,55.7
2147.55846184827,64.9391635231786,55.8,2020-07-22 07:49:42.799,2147.55846184827,64.9391635231786,55.8,2020-07-22 07:49:42.799,55.8,55.8
2149.35716269776,64.5673060641279,55.9,2020-07-22 07:49:42.899,2149.35716269776,64.5673060641279,55.9,2020-07-22 07:49:42.899,55.9,55.9
2151.14553487439,64.1954990395355,56,2020-07-22 07:49:42.999,2151.14553487439,64.1954990395355,56,2020-07-22 07:49:42.999,56,56
2152.92357977597,63.8237422232679,56.1,2020-07-22 07:49:43.099,2152.92357977597,63.8237422232679,56.1,2020-07-22 07:49:43.099,56.1,56.1
2154.69129879405,63.452035389311,56.2,2020-07-22 07:49:43.199,2154.69129879405,63.452035389311,56.2,2020-07-22 07:49:43.199,56.2,56.2
2156.44869331388,63.0803783117696,56.3,2020-07-22 07:49:43.299,2156.44869331388,63.0803783117696,56.3,2020-07-22 07:49:43.299,56.3,56.3
2158.19576471445,62.7087707648665,56.4,2020-07-22 07:49:43.399,2158.19576471445,62.7087707648665,56.4,2020-07-22 07:49:43.399,56.4,56.4
2159.93251436847,62.3372125229424,56.5,2020-07-22 07:49:43.499,2159.93251436847,62.3372125229424,56.5,2020-07-22 07:49:43.499,56.5,56.5
2161.6589436424,61.9657033604552,56.6,2020-07-22 07:49:43.599,2161.6589436424,61.9657033604552,56.6,2020-07-22 07:49:43.599,56.6,56.6
2163.37505389642,61.5942430519791,56.7,2020-07-22 07:49:43.699,2163.37505389642,61.5942430519791,56.7,2020-07-22 07:49:43.699,56.7,56.7
2165.08084648446,61.2228313722046,56.8,2020-07-22 07:49:43.799,2165.08084648446,61.2228313722046,56.8,2020-07-22 07:49:43.799,56.8,56.8
2166.77632275418,60.8514680959376,56.9,2020-07-22 07:49:43.899,2166.77632275418,60.8514680959376,56.9,2020-07-22 07:49:43.899,56.9,56.9
2168.46148404701,60.4801529980987,57,2020-07-22 07:49:43.999,2168.46148404701,60.4801529980987,57,2020-07-22 07:49:43.999,57,57
2170.1363316981,60.108885853723,57.1,2020-07-22 07:49:44.099,2170.1363316981,60.108885853723,57.1,2020-07-22 07:49:44.099,57.1,57.1
2171.80086703638,59.7376664379596,57.2,2020-07-22 07:49:44.199,2171.80086703638,59.7376664379596,57.2,2020-07-22 07:49:44.199,57.2,57.2
2173.45509138452,59.3664945260704,57.3,2020-07-22 07:49:44.299,2173.45509138452,59.3664945260704,57.3,2020-07-22 07:49:44.299,57.3,57.3
2175.09900605895,58.9953698934302,57.4,2020-07-22 07:49:44.399,2175.09900605895,58.9953698934302,57.4,2020-07-22 07:49:44.399,57.4,57.4
2176.73261236986,58.6242923155261,57.5,2020-07-22 07:49:44.499,2176.73261236986,58.6242923155261,57.5,2020-07-22 07:49:44.499,57.5,57.5
2178.35591162122,58.2532615679565,57.6,2020-07-22 07:49:44.599,2178.35591162122,58.2532615679565,57.6,2020-07-22 07:49:44.599,57.6,57.6
2179.96890511074,57.8822774264309,57.7,2020-07-22 07:49:44.699,2179.96890511074,57.8822774264309,57.7,2020-07-22 07:49:44.699,57.7,57.7
2181.57159412994,57.5113396667693,57.8,2020-07-22 07:49:44.799,2181.57159412994,57.5113396667693,57.8,2020-07-22 07:49:44.799,57.8,57.8
2183.16397996408,57.1404480649016,57.9,2020-07-22 07:49:44.899,2183.16397996408,57.1404480649016,57.9,2020-07-22 07:49:44.899,57.9,57.9
2184.7460638922,56.7696023968671,58,2020-07-22 07:49:44.999,2184.7460638922,56.7696023968671,58,2020-07-22 07:49:44.999,58,58
2186.31784718715,56.3988024388139,58.1,2020-07-22 07:49:45.099,2186.31784718715,56.3988024388139,58.1,2020-07-22 07:49:45.099,58.1,58.1
2187.87933111554,56.0280479669983,58.2,2020-07-22 07:49:45.199,2187.87933111554,56.0280479669983,58.2,2020-07-22 07:49:45.199,58.2,58.2
2189.43051693777,55.6573387577844,58.3,2020-07-22 07:49:45.299,2189.43051693777,55.6573387577844,58.3,2020-07-22 07:49:45.299,58.3,58.3
2190.97140590802,55.2866745876434,58.4,2020-07-22 07:49:45.399,2190.97140590802,55.2866745876434,58.4,2020-07-22 07:49:45.399,58.4,58.4
2192.50199927427,54.9160552331531,58.5,2020-07-22 07:49:45.499,2192.50199927427,54.9160552331531,58.5,2020-07-22 07:49:45.499,58.5,58.5
2194.02229827832,54.5454804709974,58.6,2020-07-22 07:49:45.599,2194.02229827832,54.5454804709974,58.6,2020-07-22 07:49:45.599,58.6,58.6
2195.53230415572,54.1749500779659,58.7,2020-07-22 07:49:45.699,2195.53230415572,54.1749500779659,58.7,2020-07-22 07:49:45.699,58.7,58.7
2197.03201813586,53.8044638309528,58.8,2020-07-22 07:49:45.799,2197.03201813586,53.8044638309528,58.8,2020-07-22 07:49:45.799,58.8,58.8
2198.52144144193,53.434021506957,58.9,2020-07-22 07:49:45.899,2198.52144144193,53.434021506957,58.9,2020-07-22 07:49:45.899,58.9,58.9
2200.00057529089,53.0636228830813,59,2020-07-22 07:49:45.999,2200.00057529089,53.0636228830813,59,2020-07-22 07:49:45.999,59,59
2201.46942089357,52.6932677365316,59.1,2020-07-22 07:49:46.099,2201.46942089357,52.6932677365316,59.1,2020-07-22 07:49:46.099,59.1,59.1
2202.92797945455,52.3229558446168,59.2,2020-07-22 07:49:46.199,2202.92797945455,52.3229558446168,59.2,2020-07-22 07:49:46.199,59.2,59.2
2204.37625217228,51.952686984748,59.3,2020-07-22 07:49:46.299,2204.37625217228,51.952686984748,59.3,2020-07-22 07:49:46.299,59.3,59.3
2205.81424023899,51.5824609344379,59.4,2020-07-22 07:49:46.399,2205.81424023899,51.5824609344379,59.4,2020-07-22 07:49:46.399,59.4,59.4
2207.24194484075,51.2122774713006,59.5,2020-07-22 07:49:46.499,2207.24194484075,51.2122774713006,59.5,2020-07-22 07:49:46.499,59.5,59.5
2208.65936715745,50.8421363730505,59.6,2020-07-22 07:49:46.599,2208.65936715745,50.8421363730505,59.6,2020-07-22 07:49:46.599,59.6,59.6
2210.06650836281,50.4720374175023,59.7,2020-07-22 07:49:46.699,2210.06650836281,50.4720374175023,59.7,2020-07-22 07:49:46.699,59.7,59.7
2211.46336962437,50.1019803825703,59.8,2020-07-22 07:49:46.799,2211.46336962437,50.1019803825703,59.8,2020-07-22 07:49:46.799,59.8,59.8
2212.8499521035,49.7319650462674,59.9,2020-07-22 07:49:46.899,2212.8499521035,49.7319650462674,59.9,2020-07-22 07:49:46.899,59.9,59.9
2214.22625695544,49.3619911867054,60,2020-07-22 07:49:46.999,2214.22625695544,49.3619911867054,60,2020-07-22 07:49:46.999,60,60
2215.59228532921,48.9920585820937,60.1,2020-07-22 07:49:47.099,2215.59228532921,48.9920585820937,60.1,2020-07-22 07:49:47.099,60.1,60.1
2216.94803836772,48.6221670107393,60.2,2020-07-22 07:49:47.199,2216.94803836772,48.6221670107393,60.2,2020-07-22 07:49:47.199,60.2,60.2
2218.2935172077,48.2523162510459,60.3,2020-07-22 07:49:47.299,2218.2935172077,48.2523162510459,60.3,2020-07-22 07:49:47.299,60.3,60.3
2219.62872297974,47.8825060815135,60.4,2020-07-22 07:49:47.399,2219.62872297974,47.8825060815135,60.4,2020-07-22 07:49:47.399,60.4,60.4
2220.95365680825,47.5127362807378,60.5,2020-07-22 07:49:47.499,2220.95365680825,47.5127362807378,60.5,2020-07-22 07:49:47.499,60.5,60.5
2222.26831981152,47.1430066274098,60.6,2020-07-22 07:49:47.599,2222.26831981152,47.1430066274098,60.6,2020-07-22 07:49:47.599,60.6,60.6
2223.57271310169,46.7733169003152,60.7,2020-07-22 07:49:47.699,2223.57271310169,46.7733169003152,60.7,2020-07-22 07:49:47.699,60.7,60.7
2224.86683778475,46.4036668783338,60.8,2020-07-22 07:49:47.799,2224.86683778475,46.4036668783338,60.8,2020-07-22 07:49:47.799,60.8,60.8
2226.15069496054,46.034056340439,60.9,2020-07-22 07:49:47.899,2226.15069496054,46.034056340439,60.9,2020-07-22 07:49:47.899,60.9,60.9
2227.42428572277,45.6644850656973,61,2020-07-22 07:49:47.999,2227.42428572277,45.6644850656973,61,2020-07-22 07:49:47.999,61,61
2228.68761115903,45.2949528332676,61.1,2020-07-22 07:49:48.099,2228.68761115903,45.2949528332676,61.1,2020-07-22 07:49:48.099,61.1,61.1
2229.94067235076,44.9254594224011,61.2,2020-07-22 07:49:48.199,2229.94067235076,44.9254594224011,61.2,2020-07-22 07:49:48.199,61.2,61.2
2231.18347037326,44.5560046124401,61.3,2020-07-22 07:49:48.299,2231.18347037326,44.5560046124401,61.3,2020-07-22 07:49:48.299,61.3,61.3
2232.41600629572,44.186588182818,61.4,2020-07-22 07:49:48.399,2232.41600629572,44.186588182818,61.4,2020-07-22 07:49:48.399,61.4,61.4
2233.6382811812,43.8172099130588,61.5,2020-07-22 07:49:48.499,2233.6382811812,43.8172099130588,61.5,2020-07-22 07:49:48.499,61.5,61.5
2234.85029608663,43.447869582776,61.6,2020-07-22 07:49:48.599,2234.85029608663,43.447869582776,61.6,2020-07-22 07:49:48.599,61.6,61.6
2236.05205206284,43.0785669716725,61.7,2020-07-22 07:49:48.699,2236.05205206284,43.0785669716725,61.7,2020-07-22 07:49:48.699,61.7,61.7
2237.2435501545,42.7093018595403,61.8,2020-07-22 07:49:48.799,2237.2435501545,42.7093018595403,61.8,2020-07-22 07:49:48.799,61.8,61.8
2238.42479140022,42.3400740262594,61.9,2020-07-22 07:49:48.899,2238.42479140022,42.3400740262594,61.9,2020-07-22 07:49:48.899,61.9,61.9
2239.59577683244,41.9708832517975,62,2020-07-22 07:49:48.999,2239.59577683244,41.9708832517975,62,2020-07-22 07:49:48.999,62,62
2240.75650747754,41.6017293162097,62.1,2020-07-22 07:49:49.099,2240.75650747754,41.6017293162097,62.1,2020-07-22 07:49:49.099,62.1,62.1
2241.90698435575,41.2326119996375,62.2,2020-07-22 07:49:49.199,2241.90698435575,41.2326119996375,62.2,2020-07-22 07:49:49.199,62.2,62.2
2243.04720848122,40.863531082309,62.3,2020-07-22 07:49:49.299,2243.04720848122,40.863531082309,62.3,2020-07-22 07:49:49.299,62.3,62.3
2244.17718086199,40.4944863445374,62.4,2020-07-22 07:49:49.399,2244.17718086199,40.4944863445374,62.4,2020-07-22 07:49:49.399,62.4,62.4
2245.2969025,40.1254775667212,62.5,2020-07-22 07:49:49.499,2245.2969025,40.1254775667212,62.5,2020-07-22 07:49:49.499,62.5,62.5
2246.40637439108,39.7565045293436,62.6,2020-07-22 07:49:49.599,2246.40637439108,39.7565045293436,62.6,2020-07-22 07:49:49.599,62.6,62.6
2247.50559752498,39.3875670129717,62.7,2020-07-22 07:49:49.699,2247.50559752498,39.3875670129717,62.7,2020-07-22 07:49:49.699,62.7,62.7
2248.59457288534,39.0186647982559,62.8,2020-07-22 07:49:49.799,2248.59457288534,39.0186647982559,62.8,2020-07-22 07:49:49.799,62.8,62.8
2249.67330144973,38.64979766593,62.9,2020-07-22 07:49:49.899,2249.67330144973,38.64979766593,62.9,2020-07-22 07:49:49.899,62.9,62.9
2250.7417841896,38.2809653968099,63,2020-07-22 07:49:49.999,2250.7417841896,38.2809653968099,63,2020-07-22 07:49:49.999,63,63
2251.80002207034,37.9121677717935,63.1,2020-07-22 07:49:50.099,2251.80002207034,37.9121677717935,63.1,2020-07-22 07:49:50.099,63.1,63.1
2252.84801605123,37.5434045718601,63.2,2020-07-22 07:49:50.199,2252.84801605123,37.5434045718601,63.2,2020-07-22 07:49:50.199,63.2,63.2
2253.8857670855,37.17467557807,63.3,2020-07-22 07:49:50.299,2253.8857670855,37.17467557807,63.3,2020-07-22 07:49:50.299,63.3,63.3
2254.91327612027,36.8059805715637,63.4,2020-07-22 07:49:50.399,2254.91327612027,36.8059805715637,63.4,2020-07-22 07:49:50.399,63.4,63.4
2255.9305440966,36.4373193335615,63.5,2020-07-22 07:49:50.499,2255.9305440966,36.4373193335615,63.5,2020-07-22 07:49:50.499,63.5,63.5
2256.93757194946,36.068691645363,63.6,2020-07-22 07:49:50.599,2256.93757194946,36.068691645363,63.6,2020-07-22 07:49:50.599,63.6,63.6
2257.93436060775,35.7000972883467,63.7,2020-07-22 07:49:50.699,2257.93436060775,35.7000972883467,63.7,2020-07-22 07:49:50.699,63.7,63.7
2258.92091099431,35.3315360439691,63.8,2020-07-22 07:49:50.799,2258.92091099431,35.3315360439691,63.8,2020-07-22 07:49:50.799,63.8,63.8
2259.89722402589,34.9630076937647,63.9,2020-07-22 07:49:50.899,2259.89722402589,34.9630076937647,63.9,2020-07-22 07:49:50.899,63.9,63.9
2260.86330061319,34.594512019345,64,2020-07-22 07:49:50.999,2260.86330061319,34.594512019345,64,2020-07-22 07:49:50.999,64,64
2261.81914166083,34.2260488023982,64.1,2020-07-22 07:49:51.099,2261.81914166083,34.2260488023982,64.1,2020-07-22 07:49:51.099,64.1,64.1
2262.76474806739,33.8576178246887,64.2,2020-07-22 07:49:51.199,2262.76474806739,33.8576178246887,64.2,2020-07-22 07:49:51.199,64.2,64.2
2263.70012072537,33.4892188680566,64.3,2020-07-22 07:49:51.299,2263.70012072537,33.4892188680566,64.3,2020-07-22 07:49:51.299,64.3,64.3
2264.62526052121,33.1208517144169,64.4,2020-07-22 07:49:51.399,2264.62526052121,33.1208517144169,64.4,2020-07-22 07:49:51.399,64.4,64.4
2265.5401683353,32.7525161457594,64.5,2020-07-22 07:49:51.499,2265.5401683353,32.7525161457594,64.5,2020-07-22 07:49:51.499,64.5,64.5
2266.44484504197,32.3842119441478,64.6,2020-07-22 07:49:51.599,2266.44484504197,32.3842119441478,64.6,2020-07-22 07:49:51.599,64.6,64.6
2267.33929150951,32.0159388917194,64.7,2020-07-22 07:49:51.699,2267.33929150951,32.0159388917194,64.7,2020-07-22 07:49:51.699,64.7,64.7
2268.22350860014,31.6476967706845,64.8,2020-07-22 07:49:51.799,2268.22350860014,31.6476967706845,64.8,2020-07-22 07:49:51.799,64.8,64.8
2269.09749717005,31.2794853633261,64.9,2020-07-22 07:49:51.899,2269.09749717005,31.2794853633261,64.9,2020-07-22 07:49:51.899,64.9,64.9
2269.96125806937,30.911304451999,65,2020-07-22 07:49:51.999,2269.96125806937,30.911304451999,65,2020-07-22 07:49:51.999,65,65
2270.81479214219,30.5431538191293,65.1,2020-07-22 07:49:52.099,2270.81479214219,30.5431538191293,65.1,2020-07-22 07:49:52.099,65.1,65.1
2271.65810022656,30.1750332472145,65.2,2020-07-22 07:49:52.199,2271.65810022656,30.1750332472145,65.2,2020-07-22 07:49:52.199,65.2,65.2
2272.49118315448,29.8069425188221,65.3,2020-07-22 07:49:52.299,2272.49118315448,29.8069425188221,65.3,2020-07-22 07:49:52.299,65.3,65.3
2273.31404175192,29.4388814165898,65.4,2020-07-22 07:49:52.399,2273.31404175192,29.4388814165898,65.4,2020-07-22 07:49:52.399,65.4,65.4
2274.12667683882,29.0708497232245,65.5,2020-07-22 07:49:52.499,2274.12667683882,29.0708497232245,65.5,2020-07-22 07:49:52.499,65.5,65.5
2274.92908922907,28.7028472215022,65.6,2020-07-22 07:49:52.599,2274.92908922907,28.7028472215022,65.6,2020-07-22 07:49:52.599,65.6,65.6
2275.72127973053,28.3348736942669,65.7,2020-07-22 07:49:52.699,2275.72127973053,28.3348736942669,65.7,2020-07-22 07:49:52.699,65.7,65.7
2276.50324914503,27.9669289244308,65.8,2020-07-22 07:49:52.799,2276.50324914503,27.9669289244308,65.8,2020-07-22 07:49:52.799,65.8,65.8
2277.27499826837,27.5990126949732,65.9,2020-07-22 07:49:52.899,2277.27499826837,27.5990126949732,65.9,2020-07-22 07:49:52.899,65.9,65.9
2278.03652789034,27.2311247889405,66,2020-07-22 07:49:52.999,2278.03652789034,27.2311247889405,66,2020-07-22 07:49:52.999,66,66
2278.78783879468,26.863264989445,66.1,2020-07-22 07:49:53.099,2278.78783879468,26.863264989445,66.1,2020-07-22 07:49:53.099,66.1,66.1
2279.52893175911,26.495433079665,66.2,2020-07-22 07:49:53.199,2279.52893175911,26.495433079665,66.2,2020-07-22 07:49:53.199,66.2,66.2
2280.25980755534,26.1276288428441,66.3,2020-07-22 07:49:53.299,2280.25980755534,26.1276288428441,66.3,2020-07-22 07:49:53.299,66.3,66.3
2280.98046694905,25.7598520622907,66.4,2020-07-22 07:49:53.399,2280.98046694905,25.7598520622907,66.4,2020-07-22 07:49:53.399,66.4,66.4
2281.69091069991,25.3921025213771,66.5,2020-07-22 07:49:53.499,2281.69091069991,25.3921025213771,66.5,2020-07-22 07:49:53.499,66.5,66.5
2282.39113956157,25.0243800035397,66.6,2020-07-22 07:49:53.599,2282.39113956157,25.0243800035397,66.6,2020-07-22 07:49:53.599,66.6,66.6
2283.08115428165,24.656684292278,66.7,2020-07-22 07:49:53.699,2283.08115428165,24.656684292278,66.7,2020-07-22 07:49:53.699,66.7,66.7
2283.76095560179,24.289015171154,66.8,2020-07-22 07:49:53.799,2283.76095560179,24.289015171154,66.8,2020-07-22 07:49:53.799,66.8,66.8
2284.43054425759,23.9213724237923,66.9,2020-07-22 07:49:53.899,2284.43054425759,23.9213724237923,66.9,2020-07-22 07:49:53.899,66.9,66.9
2285.08992097865,23.5537558338787,67,2020-07-22 07:49:53.999,2285.08992097865,23.5537558338787,67,2020-07-22 07:49:53.999,67,67
2285.73908648856,23.1861651851604,67.1,2020-07-22 07:49:54.099,2285.73908648856,23.1861651851604,67.1,2020-07-22 07:49:54.099,67.1,67.1
2286.37804150491,22.8186002614453,67.2,2020-07-22 07:49:54.199,2286.37804150491,22.8186002614453,67.2,2020-07-22 07:49:54.199,67.2,67.2
2287.00678673928,22.4510608466013,67.3,2020-07-22 07:49:54.299,2287.00678673928,22.4510608466013,67.3,2020-07-22 07:49:54.299,67.3,67.3
2287.62532289725,22.0835467245561,67.4,2020-07-22 07:49:54.399,2287.62532289725,22.0835467245561,67.4,2020-07-22 07:49:54.399,67.4,67.4
2288.2336506784,21.7160576792962,67.5,2020-07-22 07:49:54.499,2288.2336506784,21.7160576792962,67.5,2020-07-22 07:49:54.499,67.5,67.5
2288.8317707763,21.348593494867,67.6,2020-07-22 07:49:54.599,2288.8317707763,21.348593494867,67.6,2020-07-22 07:49:54.599,67.6,67.6
2289.41968387854,20.9811539553719,67.7,2020-07-22 07:49:54.699,2289.41968387854,20.9811539553719,67.7,2020-07-22 07:49:54.699,67.7,67.7
2289.99739066669,20.6137388449718,67.8,2020-07-22 07:49:54.799,2289.99739066669,20.6137388449718,67.8,2020-07-22 07:49:54.799,67.8,67.8
2290.56489181635,20.2463479478848,67.9,2020-07-22 07:49:54.899,2290.56489181635,20.2463479478848,67.9,2020-07-22 07:49:54.899,67.9,67.9
2291.12218799711,19.8789810483855,68,2020-07-22 07:49:54.999,2291.12218799711,19.8789810483855,68,2020-07-22 07:49:54.999,68,68
2291.66927987257,19.5116379308044,68.1,2020-07-22 07:49:55.099,2291.66927987257,19.5116379308044,68.1,2020-07-22 07:49:55.099,68.1,68.1
2292.20616810036,19.1443183795279,68.2,2020-07-22 07:49:55.199,2292.20616810036,19.1443183795279,68.2,2020-07-22 07:49:55.199,68.2,68.2
2292.7328533321,18.7770221789971,68.3,2020-07-22 07:49:55.299,2292.7328533321,18.7770221789971,68.3,2020-07-22 07:49:55.299,68.3,68.3
2293.24933621341,18.4097491137078,68.4,2020-07-22 07:49:55.399,2293.24933621341,18.4097491137078,68.4,2020-07-22 07:49:55.399,68.4,68.4
2293.75561738397,18.0424989682096,68.5,2020-07-22 07:49:55.499,2293.75561738397,18.0424989682096,68.5,2020-07-22 07:49:55.499,68.5,68.5
2294.25169747743,17.675271527106,68.6,2020-07-22 07:49:55.599,2294.25169747743,17.675271527106,68.6,2020-07-22 07:49:55.599,68.6,68.6
2294.73757712149,17.3080665750532,68.7,2020-07-22 07:49:55.699,2294.73757712149,17.3080665750532,68.7,2020-07-22 07:49:55.699,68.7,68.7
2295.21325693784,16.9408838967598,68.8,2020-07-22 07:49:55.799,2295.21325693784,16.9408838967598,68.8,2020-07-22 07:49:55.799,68.8,68.8
2295.67873754222,16.5737232769868,68.9,2020-07-22 07:49:55.899,2295.67873754222,16.5737232769868,68.9,2020-07-22 07:49:55.899,68.9,68.9
2296.13401954438,16.2065845005462,69,2020-07-22 07:49:55.999,2296.13401954438,16.2065845005462,69,2020-07-22 07:49:55.999,69,69
2296.57910354807,15.8394673523014,69.1,2020-07-22 07:49:56.099,2296.57910354807,15.8394673523014,69.1,2020-07-22 07:49:56.099,69.1,69.1
2297.01399015111,15.4723716171659,69.2,2020-07-22 07:49:56.199,2297.01399015111,15.4723716171659,69.2,2020-07-22 07:49:56.199,69.2,69.2
2297.43867994531,15.1052970801035,69.3,2020-07-22 07:49:56.299,2297.43867994531,15.1052970801035,69.3,2020-07-22 07:49:56.299,69.3,69.3
2297.85317351652,14.7382435261271,69.4,2020-07-22 07:49:56.399,2297.85317351652,14.7382435261271,69.4,2020-07-22 07:49:56.399,69.4,69.4
2298.25747144462,14.3712107402987,69.5,2020-07-22 07:49:56.499,2298.25747144462,14.3712107402987,69.5,2020-07-22 07:49:56.499,69.5,69.5
2298.65157430351,14.004198507729,69.6,2020-07-22 07:49:56.599,2298.65157430351,14.004198507729,69.6,2020-07-22 07:49:56.599,69.6,69.6
2299.03548266115,13.6372066135762,69.7,2020-07-22 07:49:56.699,2299.03548266115,13.6372066135762,69.7,2020-07-22 07:49:56.699,69.7,69.7
2299.40919707949,13.2702348430462,69.8,2020-07-22 07:49:56.799,2299.40919707949,13.2702348430462,69.8,2020-07-22 07:49:56.799,69.8,69.8
2299.77271811455,12.9032829813918,69.9,2020-07-22 07:49:56.899,2299.77271811455,12.9032829813918,69.9,2020-07-22 07:49:56.899,69.9,69.9
2300.12604631637,12.5363508139121,70,2020-07-22 07:49:56.999,2300.12604631637,12.5363508139121,70,2020-07-22 07:49:56.999,70,70
2300.46918222902,12.1694381259522,70.1,2020-07-22 07:49:57.099,2300.46918222902,12.1694381259522,70.1,2020-07-22 07:49:57.099,70.1,70.1
2300.80212639063,11.8025447029027,70.2,2020-07-22 07:49:57.199,2300.80212639063,11.8025447029027,70.2,2020-07-22 07:49:57.199,70.2,70.2
2301.12487933336,11.435670330199,70.3,2020-07-22 07:49:57.299,2301.12487933336,11.435670330199,70.3,2020-07-22 07:49:57.299,70.3,70.3
2301.43744158339,11.0688147933208,70.4,2020-07-22 07:49:57.399,2301.43744158339,11.0688147933208,70.4,2020-07-22 07:49:57.399,70.4,70.4
2301.73981366096,10.7019778777921,70.5,2020-07-22 07:49:57.499,2301.73981366096,10.7019778777921,70.5,2020-07-22 07:49:57.499,70.5,70.5
2302.03199608037,10.3351593691797,70.6,2020-07-22 07:49:57.599,2302.03199608037,10.3351593691797,70.6,2020-07-22 07:49:57.599,70.6,70.6
2302.31398934992,9.96835905309393,70.7,2020-07-22 07:49:57.699,2302.31398934992,9.96835905309393,70.7,2020-07-22 07:49:57.699,70.7,70.7
2302.585793972,9.60157671518703,70.8,2020-07-22 07:49:57.799,2302.585793972,9.60157671518703,70.8,2020-07-22 07:49:57.799,70.8,70.8
2302.84741044303,9.23481214115338,70.9,2020-07-22 07:49:57.899,2302.84741044303,9.23481214115338,70.9,2020-07-22 07:49:57.899,70.9,70.9
2303.09883925346,8.86806511672865,71,2020-07-22 07:49:57.999,2303.09883925346,8.86806511672865,71,2020-07-22 07:49:57.999,71,71
2303.3400808878,8.50133542768946,71.1,2020-07-22 07:49:58.099,2303.3400808878,8.50133542768946,71.1,2020-07-22 07:49:58.099,71.1,71.1
2303.57113582464,8.13462285985276,71.2,2020-07-22 07:49:58.199,2303.57113582464,8.13462285985276,71.2,2020-07-22 07:49:58.199,71.2,71.2
2303.79200453657,7.76792719907542,71.3,2020-07-22 07:49:58.299,2303.79200453657,7.76792719907542,71.3,2020-07-22 07:49:58.299,71.3,71.3
2304.00268749026,7.40124823125366,71.4,2020-07-22 07:49:58.399,2304.00268749026,7.40124823125366,71.4,2020-07-22 07:49:58.399,71.4,71.4
2304.20318514644,7.03458574232262,71.5,2020-07-22 07:49:58.499,2304.20318514644,7.03458574232262,71.5,2020-07-22 07:49:58.499,71.5,71.5
2304.39349795988,6.66793951825578,71.6,2020-07-22 07:49:58.599,2304.39349795988,6.66793951825578,71.6,2020-07-22 07:49:58.599,71.6,71.6
2304.57362637941,6.30130934506452,71.7,2020-07-22 07:49:58.699,2304.57362637941,6.30130934506452,71.7,2020-07-22 07:49:58.699,71.7,71.7
2304.74357084792,5.93469500879759,71.8,2020-07-22 07:49:58.799,2304.74357084792,5.93469500879759,71.8,2020-07-22 07:49:58.799,71.8,71.8
2304.90333180234,5.56809629554061,71.9,2020-07-22 07:49:58.899,2304.90333180234,5.56809629554061,71.9,2020-07-22 07:49:58.899,71.9,71.9
2305.05290967368,5.20151299141558,72,2020-07-22 07:49:58.999,2305.05290967368,5.20151299141558,72,2020-07-22 07:49:58.999,72,72
2305.192304887,4.8349448825804,72.1,2020-07-22 07:49:59.099,2305.192304887,4.8349448825804,72.1,2020-07-22 07:49:59.099,72.1,72.1
2305.32151786143,4.46839175522829,72.2,2020-07-22 07:49:59.199,2305.32151786143,4.46839175522829,72.2,2020-07-22 07:49:59.199,72.2,72.2
2305.44054901014,4.10185339558741,72.3,2020-07-22 07:49:59.299,2305.44054901014,4.10185339558741,72.3,2020-07-22 07:49:59.299,72.3,72.3
2305.54939874039,3.73532958992024,72.4,2020-07-22 07:49:59.399,2305.54939874039,3.73532958992024,72.4,2020-07-22 07:49:59.399,72.4,72.4
2305.64806745348,3.36882012452318,72.5,2020-07-22 07:49:59.499,2305.64806745348,3.36882012452318,72.5,2020-07-22 07:49:59.499,72.5,72.5
2305.73655554478,3.00232478572597,72.6,2020-07-22 07:49:59.599,2305.73655554478,3.00232478572597,72.6,2020-07-22 07:49:59.599,72.6,72.6
2305.81486340373,2.63584335989126,72.7,2020-07-22 07:49:59.699,2305.81486340373,2.63584335989126,72.7,2020-07-22 07:49:59.699,72.7,72.7
2305.88299141384,2.26937563341406,72.8,2020-07-22 07:49:59.799,2305.88299141384,2.26937563341406,72.8,2020-07-22 07:49:59.799,72.8,72.8
2305.94093995268,1.90292139272126,72.9,2020-07-22 07:49:59.899,2305.94093995268,1.90292139272126,72.9,2020-07-22 07:49:59.899,72.9,72.9
2305.98870939188,1.53648042427113,73,2020-07-22 07:49:59.999,2305.98870939188,1.53648042427113,73,2020-07-22 07:49:59.999,73,73
2306.02630009716,1.17005251455284,73.1,2020-07-22 07:50:00.099,2306.02630009716,1.17005251455284,73.1,2020-07-22 07:50:00.099,73.1,73.1
2306.0537124283,0.803637450085923,73.2,2020-07-22 07:50:00.199,2306.0537124283,0.803637450085923,73.2,2020-07-22 07:50:00.199,73.2,73.2
2306.07094673913,0.437235017419806,73.3,2020-07-22 07:50:00.299,2306.07094673913,0.437235017419806,73.3,2020-07-22 07:50:00.299,73.3,73.3
2306.07800337759,0.0708450031333027,73.4,2020-07-22 07:50:00.399,2306.07800337759,0.0708450031333027,73.4,2020-07-22 07:50:00.399,73.4,73.4
2306.07488268565,-0.295532806165883,73.5,2020-07-22 07:50:00.499,2306.07488268565,-0.295532806165883,73.5,2020-07-22 07:50:00.499,73.5,73.5
